radar,datetime,height,u,v,w,ff,dd,sd_vvp,gap,eta,dens,dbz,dbz_all,n,n_dbz,n_all,n_dbz_all,rcs,sd_vvp_threshold,vcp,radar_latitude,radar_longitude,radar_height,radar_wavelength,source_file
200,2024-09-24T00:00:00Z,25,,,,,,,FALSE,,0,,,,0,,,,,,47.127641,8.192569,510,3.19,
200,2024-09-24T00:00:00Z,75,-2.4594583473971037,0.20490233973368066,,2.4679789973599107,274.7624265566048,,FALSE,,73.97114620750308,,,27,3,,,10.444041476753386,,,47.127641,8.192569,510,3.19,
200,2024-09-24T00:00:00Z,125,-3.2166006358291592,0.10174701686586594,,3.2182094564924846,271.8117671824963,,FALSE,,30.92650353052316,,,46,3,,,52.78318272017584,,,47.127641,8.192569,510,3.19,
200,2024-09-24T00:00:00Z,175,-1.4189715257532878,-1.1470297837709416,,1.8245979052263066,231.04955690382096,,FALSE,,10.679155689709848,,,48,2,,,23.937831015005788,,,47.127641,8.192569,510,3.19,
200,2024-09-24T00:00:00Z,225,-3.9239499230125174,-0.7502288176247442,,3.9950251910475565,259.1761165191059,,FALSE,,77.98805017856515,,,55,8,,,14.47404110348862,,,47.127641,8.192569,510,3.19,
200,2024-09-24T00:00:00Z,275,-3.3211491843452117,-0.7072506061196873,,3.3956200206344542,257.97823763434394,,FALSE,,6.1906310551796855,,,50,1,,,10.604931284990576,,,47.127641,8.192569,510,3.19,
200,2024-09-24T00:00:00Z,325,-0.8590547786851839,0.675538782789876,,1.0928530367048799,308.1806081362098,,FALSE,,13.09149364588609,,,36,2,,,9.222667825974101,,,47.127641,8.192569,510,3.19,
200,2024-09-24T00:00:00Z,375,-1.5422235814378698,-0.9270792145995527,,1.7994247539937793,238.98859693223696,,FALSE,,4.895720338111108,,,31,1,,,12.948934332778455,,,47.127641,8.192569,510,3.19,
200,2024-09-24T00:00:00Z,425,-0.16670372159657568,1.8006169388647977,,1.8083173093572331,354.71055196534184,,FALSE,,12.66866496193297,,,20,2,,,18.56904591506065,,,47.127641,8.192569,510,3.19,
200,2024-09-24T00:00:00Z,475,1.5325042761465506,-1.126612116162635,,1.902057889942342,126.32126203686276,,FALSE,,10.583818984801216,,,19,3,,,24.732010862657685,,,47.127641,8.192569,510,3.19,
200,2024-09-24T00:00:00Z,525,-2.0933349078322965,-3.6560031900208583,,4.212886227017286,209.79436041538293,,FALSE,,5.86882098062437,,,16,2,,,8.274057520347764,,,47.127641,8.192569,510,3.19,
200,2024-09-24T00:00:00Z,575,-0.43449013046475016,-0.5463201701730453,,0.6980310894288169,218.49533921648919,,FALSE,,7.079813332244744,,,18,2,,,8.452448402000357,,,47.127641,8.192569,510,3.19,
200,2024-09-24T00:00:00Z,625,,,,,,,FALSE,,0,,,,0,,,,,,47.127641,8.192569,510,3.19,
200,2024-09-24T00:00:00Z,675,,,,,,,FALSE,,0,,,,0,,,,,,47.127641,8.192569,510,3.19,
200,2024-09-24T00:00:00Z,725,,,,,,,FALSE,,0,,,,0,,,,,,47.127641,8.192569,510,3.19,
200,2024-09-24T00:00:00Z,775,3.2094561408833506,3.7335439658793708,,4.923409313210523,40.683251892794615,,FALSE,,2.2920359980280733,,,5,1,,,28.615548558068294,,,47.127641,8.192569,510,3.19,
200,2024-09-24T00:00:00Z,825,,,,,,,FALSE,,0,,,,0,,,,,,47.127641,8.192569,510,3.19,
200,2024-09-24T00:00:00Z,875,,,,,,,FALSE,,0,,,,1,,,,,,47.127641,8.192569,510,3.19,
200,2024-09-24T00:00:00Z,925,,,,,,,FALSE,,0,,,,0,,,,,,47.127641,8.192569,510,3.19,
200,2024-09-24T00:00:00Z,975,,,,,,,FALSE,,0,,,,0,,,,,,47.127641,8.192569,510,3.19,
200,2024-09-24T00:30:00Z,25,-3.262106239388309,1.1023153654695756,,3.443317627231978,288.6708939395417,,FALSE,,53.97430874636303,,,6,1,,,3.966499755026332,,,47.127641,8.192569,510,3.19,
200,2024-09-24T00:30:00Z,75,,,,,,,FALSE,,0,,,,0,,,,,,47.127641,8.192569,510,3.19,
200,2024-09-24T00:30:00Z,125,-3.2166006358291592,0.10174701686586594,,3.2182094564924846,271.8117671824963,,FALSE,,49.13457677459343,,,46,3,,,52.78318272017584,,,47.127641,8.192569,510,3.19,
200,2024-09-24T00:30:00Z,175,-1.4189715257532878,-1.1470297837709416,,1.8245979052263066,231.04955690382096,,FALSE,,52.629736790969496,,,48,8,,,23.937831015005788,,,47.127641,8.192569,510,3.19,
200,2024-09-24T00:30:00Z,225,-3.9239499230125174,-0.7502288176247442,,3.9950251910475565,259.1761165191059,,FALSE,,10.171002950810637,,,55,2,,,14.47404110348862,,,47.127641,8.192569,510,3.19,
200,2024-09-24T00:30:00Z,275,-3.3211491843452117,-0.7072506061196873,,3.3956200206344542,257.97823763434394,,FALSE,,31.1180742533388,,,50,6,,,10.604931284990576,,,47.127641,8.192569,510,3.19,
200,2024-09-24T00:30:00Z,325,-0.8590547786851839,0.675538782789876,,1.0928530367048799,308.1806081362098,,FALSE,,14.008755433821408,,,36,3,,,9.222667825974101,,,47.127641,8.192569,510,3.19,
200,2024-09-24T00:30:00Z,375,-1.5422235814378698,-0.9270792145995527,,1.7994247539937793,238.98859693223696,,FALSE,,9.866727012938682,,,31,3,,,12.948934332778455,,,47.127641,8.192569,510,3.19,
200,2024-09-24T00:30:00Z,425,,,,,,,FALSE,,0,,,,0,,,,,,47.127641,8.192569,510,3.19,
200,2024-09-24T00:30:00Z,475,,,,,,,FALSE,,0,,,,1,,,,,,47.127641,8.192569,510,3.19,
200,2024-09-24T00:30:00Z,525,,,,,,,FALSE,,0,,,,1,,,,,,47.127641,8.192569,510,3.19,
200,2024-09-24T00:30:00Z,575,-0.43449013046475016,-0.5463201701730453,,0.6980310894288169,218.49533921648919,,FALSE,,8.574421243832516,,,18,3,,,8.452448402000357,,,47.127641,8.192569,510,3.19,
200,2024-09-24T00:30:00Z,625,,,,,,,FALSE,,0,,,,0,,,,,,47.127641,8.192569,510,3.19,
200,2024-09-24T00:30:00Z,675,,,,,,,FALSE,,0,,,,2,,,,,,47.127641,8.192569,510,3.19,
200,2024-09-24T00:30:00Z,725,,,,,,,FALSE,,0,,,,4,,,,,,47.127641,8.192569,510,3.19,
200,2024-09-24T00:30:00Z,775,,,,,,,FALSE,,0,,,,1,,,,,,47.127641,8.192569,510,3.19,
200,2024-09-24T00:30:00Z,825,,,,,,,FALSE,,0,,,,0,,,,,,47.127641,8.192569,510,3.19,
200,2024-09-24T00:30:00Z,875,,,,,,,FALSE,,0,,,,0,,,,,,47.127641,8.192569,510,3.19,
200,2024-09-24T00:30:00Z,925,,,,,,,FALSE,,0,,,,0,,,,,,47.127641,8.192569,510,3.19,
200,2024-09-24T00:30:00Z,975,,,,,,,FALSE,,0,,,,0,,,,,,47.127641,8.192569,510,3.19,
200,2024-09-24T01:00:00Z,25,-3.262106239388309,1.1023153654695756,,3.443317627231978,288.6708939395417,,FALSE,,175.53465801081705,,,6,4,,,3.966499755026332,,,47.127641,8.192569,510,3.19,
200,2024-09-24T01:00:00Z,75,-2.4594583473971037,0.20490233973368066,,2.4679789973599107,274.7624265566048,,FALSE,,87.82083371640832,,,27,3,,,10.444041476753386,,,47.127641,8.192569,510,3.19,
200,2024-09-24T01:00:00Z,125,-3.2166006358291592,0.10174701686586594,,3.2182094564924846,271.8117671824963,,FALSE,,50.74990409352747,,,46,3,,,52.78318272017584,,,47.127641,8.192569,510,3.19,
200,2024-09-24T01:00:00Z,175,-1.4189715257532878,-1.1470297837709416,,1.8245979052263066,231.04955690382096,,FALSE,,37.575305718659266,,,48,3,,,23.937831015005788,,,47.127641,8.192569,510,3.19,
200,2024-09-24T01:00:00Z,225,-3.9239499230125174,-0.7502288176247442,,3.9950251910475565,259.1761165191059,,FALSE,,21.435940290863638,,,55,2,,,14.47404110348862,,,47.127641,8.192569,510,3.19,
200,2024-09-24T01:00:00Z,275,-3.3211491843452117,-0.7072506061196873,,3.3956200206344542,257.97823763434394,,FALSE,,15.252082925565812,,,50,3,,,10.604931284990576,,,47.127641,8.192569,510,3.19,
200,2024-09-24T01:00:00Z,325,-0.8590547786851839,0.675538782789876,,1.0928530367048799,308.1806081362098,,FALSE,,11.307018725165175,,,36,2,,,9.222667825974101,,,47.127641,8.192569,510,3.19,
200,2024-09-24T01:00:00Z,375,,,,,,,FALSE,,0,,,,0,,,,,,47.127641,8.192569,510,3.19,
200,2024-09-24T01:00:00Z,425,,,,,,,FALSE,,0,,,,0,,,,,,47.127641,8.192569,510,3.19,
200,2024-09-24T01:00:00Z,475,1.5325042761465506,-1.126612116162635,,1.902057889942342,126.32126203686276,,FALSE,,4.833251165457724,,,19,1,,,24.732010862657685,,,47.127641,8.192569,510,3.19,
200,2024-09-24T01:00:00Z,525,,,,,,,FALSE,,0,,,,3,,,,,,47.127641,8.192569,510,3.19,
200,2024-09-24T01:00:00Z,575,,,,,,,FALSE,,0,,,,1,,,,,,47.127641,8.192569,510,3.19,
200,2024-09-24T01:00:00Z,625,,,,,,,FALSE,,0,,,,0,,,,,,47.127641,8.192569,510,3.19,
200,2024-09-24T01:00:00Z,675,,,,,,,FALSE,,0,,,,1,,,,,,47.127641,8.192569,510,3.19,
200,2024-09-24T01:00:00Z,725,,,,,,,FALSE,,0,,,,0,,,,,,47.127641,8.192569,510,3.19,
200,2024-09-24T01:00:00Z,775,,,,,,,FALSE,,0,,,,0,,,,,,47.127641,8.192569,510,3.19,
200,2024-09-24T01:00:00Z,825,,,,,,,FALSE,,0,,,,0,,,,,,47.127641,8.192569,510,3.19,
200,2024-09-24T01:00:00Z,875,,,,,,,FALSE,,0,,,,0,,,,,,47.127641,8.192569,510,3.19,
200,2024-09-24T01:00:00Z,925,,,,,,,FALSE,,0,,,,0,,,,,,47.127641,8.192569,510,3.19,
200,2024-09-24T01:00:00Z,975,,,,,,,FALSE,,0,,,,0,,,,,,47.127641,8.192569,510,3.19,
200,2024-09-24T01:30:00Z,25,,,,,,,FALSE,,0,,,,0,,,,,,47.127641,8.192569,510,3.19,
200,2024-09-24T01:30:00Z,75,-2.4594583473971037,0.20490233973368066,,2.4679789973599107,274.7624265566048,,FALSE,,42.07941237444727,,,27,1,,,10.444041476753386,,,47.127641,8.192569,510,3.19,
200,2024-09-24T01:30:00Z,125,,,,,,,FALSE,,0,,,,0,,,,,,47.127641,8.192569,510,3.19,
200,2024-09-24T01:30:00Z,175,-1.4189715257532878,-1.1470297837709416,,1.8245979052263066,231.04955690382096,,FALSE,,51.75377065600913,,,48,2,,,23.937831015005788,,,47.127641,8.192569,510,3.19,
200,2024-09-24T01:30:00Z,225,,,,,,,FALSE,,0,,,,0,,,,,,47.127641,8.192569,510,3.19,
200,2024-09-24T01:30:00Z,275,-3.3211491843452117,-0.7072506061196873,,3.3956200206344542,257.97823763434394,,FALSE,,25.935552346860188,,,50,1,,,10.604931284990576,,,47.127641,8.192569,510,3.19,
200,2024-09-24T01:30:00Z,325,-0.8590547786851839,0.675538782789876,,1.0928530367048799,308.1806081362098,,FALSE,,28.870808336412885,,,36,2,,,9.222667825974101,,,47.127641,8.192569,510,3.19,
200,2024-09-24T01:30:00Z,375,-1.5422235814378698,-0.9270792145995527,,1.7994247539937793,238.98859693223696,,FALSE,,17.495384300181794,,,31,1,,,12.948934332778455,,,47.127641,8.192569,510,3.19,
200,2024-09-24T01:30:00Z,425,,,,,,,FALSE,,0,,,,0,,,,,,47.127641,8.192569,510,3.19,
200,2024-09-24T01:30:00Z,475,,,,,,,FALSE,,0,,,,0,,,,,,47.127641,8.192569,510,3.19,
200,2024-09-24T01:30:00Z,525,,,,,,,FALSE,,0,,,,0,,,,,,47.127641,8.192569,510,3.19,
200,2024-09-24T01:30:00Z,575,,,,,,,FALSE,,0,,,,0,,,,,,47.127641,8.192569,510,3.19,
200,2024-09-24T01:30:00Z,625,,,,,,,FALSE,,0,,,,0,,,,,,47.127641,8.192569,510,3.19,
200,2024-09-24T01:30:00Z,675,,,,,,,FALSE,,0,,,,0,,,,,,47.127641,8.192569,510,3.19,
200,2024-09-24T01:30:00Z,725,,,,,,,FALSE,,0,,,,0,,,,,,47.127641,8.192569,510,3.19,
200,2024-09-24T01:30:00Z,775,,,,,,,FALSE,,0,,,,0,,,,,,47.127641,8.192569,510,3.19,
200,2024-09-24T01:30:00Z,825,,,,,,,FALSE,,0,,,,0,,,,,,47.127641,8.192569,510,3.19,
200,2024-09-24T01:30:00Z,875,,,,,,,FALSE,,0,,,,0,,,,,,47.127641,8.192569,510,3.19,
200,2024-09-24T01:30:00Z,925,,,,,,,FALSE,,0,,,,0,,,,,,47.127641,8.192569,510,3.19,
200,2024-09-24T01:30:00Z,975,,,,,,,FALSE,,0,,,,0,,,,,,47.127641,8.192569,510,3.19,
200,2024-09-24T02:00:00Z,25,,,,,,,FALSE,,,,,,,,,,,,47.127641,8.192569,510,3.19,
200,2024-09-24T02:00:00Z,75,,,,,,,FALSE,,,,,,,,,,,,47.127641,8.192569,510,3.19,
200,2024-09-24T02:00:00Z,125,,,,,,,FALSE,,,,,,,,,,,,47.127641,8.192569,510,3.19,
200,2024-09-24T02:00:00Z,175,,,,,,,FALSE,,,,,,,,,,,,47.127641,8.192569,510,3.19,
200,2024-09-24T02:00:00Z,225,,,,,,,FALSE,,,,,,,,,,,,47.127641,8.192569,510,3.19,
200,2024-09-24T02:00:00Z,275,,,,,,,FALSE,,,,,,,,,,,,47.127641,8.192569,510,3.19,
200,2024-09-24T02:00:00Z,325,,,,,,,FALSE,,,,,,,,,,,,47.127641,8.192569,510,3.19,
200,2024-09-24T02:00:00Z,375,,,,,,,FALSE,,,,,,,,,,,,47.127641,8.192569,510,3.19,
200,2024-09-24T02:00:00Z,425,,,,,,,FALSE,,,,,,,,,,,,47.127641,8.192569,510,3.19,
200,2024-09-24T02:00:00Z,475,,,,,,,FALSE,,,,,,,,,,,,47.127641,8.192569,510,3.19,
200,2024-09-24T02:00:00Z,525,,,,,,,FALSE,,,,,,,,,,,,47.127641,8.192569,510,3.19,
200,2024-09-24T02:00:00Z,575,,,,,,,FALSE,,,,,,,,,,,,47.127641,8.192569,510,3.19,
200,2024-09-24T02:00:00Z,625,,,,,,,FALSE,,,,,,,,,,,,47.127641,8.192569,510,3.19,
200,2024-09-24T02:00:00Z,675,,,,,,,FALSE,,,,,,,,,,,,47.127641,8.192569,510,3.19,
200,2024-09-24T02:00:00Z,725,,,,,,,FALSE,,,,,,,,,,,,47.127641,8.192569,510,3.19,
200,2024-09-24T02:00:00Z,775,,,,,,,FALSE,,,,,,,,,,,,47.127641,8.192569,510,3.19,
200,2024-09-24T02:00:00Z,825,,,,,,,FALSE,,,,,,,,,,,,47.127641,8.192569,510,3.19,
200,2024-09-24T02:00:00Z,875,,,,,,,FALSE,,,,,,,,,,,,47.127641,8.192569,510,3.19,
200,2024-09-24T02:00:00Z,925,,,,,,,FALSE,,,,,,,,,,,,47.127641,8.192569,510,3.19,
200,2024-09-24T02:00:00Z,975,,,,,,,FALSE,,,,,,,,,,,,47.127641,8.192569,510,3.19,
200,2024-09-24T02:30:00Z,25,,,,,,,FALSE,,0,,,,0,,,,,,47.127641,8.192569,510,3.19,
200,2024-09-24T02:30:00Z,75,,,,,,,FALSE,,0,,,,0,,,,,,47.127641,8.192569,510,3.19,
200,2024-09-24T02:30:00Z,125,,,,,,,FALSE,,0,,,,0,,,,,,47.127641,8.192569,510,3.19,
200,2024-09-24T02:30:00Z,175,-1.4189715257532878,-1.1470297837709416,,1.8245979052263066,231.04955690382096,,FALSE,,24.50850391236614,,,48,1,,,23.937831015005788,,,47.127641,8.192569,510,3.19,
200,2024-09-24T02:30:00Z,225,,,,,,,FALSE,,0,,,,0,,,,,,47.127641,8.192569,510,3.19,
200,2024-09-24T02:30:00Z,275,,,,,,,FALSE,,0,,,,2,,,,,,47.127641,8.192569,510,3.19,
200,2024-09-24T02:30:00Z,325,-0.8590547786851839,0.675538782789876,,1.0928530367048799,308.1806081362098,,FALSE,,16.171453539344974,,,36,2,,,9.222667825974101,,,47.127641,8.192569,510,3.19,
200,2024-09-24T02:30:00Z,375,,,,,,,FALSE,,0,,,,0,,,,,,47.127641,8.192569,510,3.19,
200,2024-09-24T02:30:00Z,425,,,,,,,FALSE,,0,,,,0,,,,,,47.127641,8.192569,510,3.19,
200,2024-09-24T02:30:00Z,475,,,,,,,FALSE,,0,,,,0,,,,,,47.127641,8.192569,510,3.19,
200,2024-09-24T02:30:00Z,525,,,,,,,FALSE,,0,,,,0,,,,,,47.127641,8.192569,510,3.19,
200,2024-09-24T02:30:00Z,575,,,,,,,FALSE,,0,,,,0,,,,,,47.127641,8.192569,510,3.19,
200,2024-09-24T02:30:00Z,625,,,,,,,FALSE,,0,,,,0,,,,,,47.127641,8.192569,510,3.19,
200,2024-09-24T02:30:00Z,675,,,,,,,FALSE,,0,,,,0,,,,,,47.127641,8.192569,510,3.19,
200,2024-09-24T02:30:00Z,725,,,,,,,FALSE,,0,,,,0,,,,,,47.127641,8.192569,510,3.19,
200,2024-09-24T02:30:00Z,775,,,,,,,FALSE,,0,,,,0,,,,,,47.127641,8.192569,510,3.19,
200,2024-09-24T02:30:00Z,825,,,,,,,FALSE,,0,,,,0,,,,,,47.127641,8.192569,510,3.19,
200,2024-09-24T02:30:00Z,875,,,,,,,FALSE,,0,,,,0,,,,,,47.127641,8.192569,510,3.19,
200,2024-09-24T02:30:00Z,925,,,,,,,FALSE,,0,,,,0,,,,,,47.127641,8.192569,510,3.19,
200,2024-09-24T02:30:00Z,975,,,,,,,FALSE,,0,,,,0,,,,,,47.127641,8.192569,510,3.19,
200,2024-09-24T03:00:00Z,25,-3.262106239388309,1.1023153654695756,,3.443317627231978,288.6708939395417,,FALSE,,118.34175885620694,,,6,3,,,3.966499755026332,,,47.127641,8.192569,510,3.19,
200,2024-09-24T03:00:00Z,75,-2.4594583473971037,0.20490233973368066,,2.4679789973599107,274.7624265566048,,FALSE,,27.06661601736024,,,27,1,,,10.444041476753386,,,47.127641,8.192569,510,3.19,
200,2024-09-24T03:00:00Z,125,-3.2166006358291592,0.10174701686586594,,3.2182094564924846,271.8117671824963,,FALSE,,96.49629341853401,,,46,5,,,52.78318272017584,,,47.127641,8.192569,510,3.19,
200,2024-09-24T03:00:00Z,175,-1.4189715257532878,-1.1470297837709416,,1.8245979052263066,231.04955690382096,,FALSE,,16.412571471074376,,,48,2,,,23.937831015005788,,,47.127641,8.192569,510,3.19,
200,2024-09-24T03:00:00Z,225,-3.9239499230125174,-0.7502288176247442,,3.9950251910475565,259.1761165191059,,FALSE,,26.845895546029872,,,55,2,,,14.47404110348862,,,47.127641,8.192569,510,3.19,
200,2024-09-24T03:00:00Z,275,,,,,,,FALSE,,0,,,,0,,,,,,47.127641,8.192569,510,3.19,
200,2024-09-24T03:00:00Z,325,-0.8590547786851839,0.675538782789876,,1.0928530367048799,308.1806081362098,,FALSE,,20.727844659415766,,,36,2,,,9.222667825974101,,,47.127641,8.192569,510,3.19,
200,2024-09-24T03:00:00Z,375,,,,,,,FALSE,,0,,,,1,,,,,,47.127641,8.192569,510,3.19,
200,2024-09-24T03:00:00Z,425,-0.16670372159657568,1.8006169388647977,,1.8083173093572331,354.71055196534184,,FALSE,,5.885250898100869,,,20,1,,,18.56904591506065,,,47.127641,8.192569,510,3.19,
200,2024-09-24T03:00:00Z,475,,,,,,,FALSE,,0,,,,0,,,,,,47.127641,8.192569,510,3.19,
200,2024-09-24T03:00:00Z,525,-2.0933349078322965,-3.6560031900208583,,4.212886227017286,209.79436041538293,,FALSE,,6.516317214436713,,,16,1,,,8.274057520347764,,,47.127641,8.192569,510,3.19,
200,2024-09-24T03:00:00Z,575,,,,,,,FALSE,,0,,,,0,,,,,,47.127641,8.192569,510,3.19,
200,2024-09-24T03:00:00Z,625,,,,,,,FALSE,,0,,,,0,,,,,,47.127641,8.192569,510,3.19,
200,2024-09-24T03:00:00Z,675,,,,,,,FALSE,,0,,,,0,,,,,,47.127641,8.192569,510,3.19,
200,2024-09-24T03:00:00Z,725,,,,,,,FALSE,,0,,,,0,,,,,,47.127641,8.192569,510,3.19,
200,2024-09-24T03:00:00Z,775,,,,,,,FALSE,,0,,,,0,,,,,,47.127641,8.192569,510,3.19,
200,2024-09-24T03:00:00Z,825,,,,,,,FALSE,,0,,,,0,,,,,,47.127641,8.192569,510,3.19,
200,2024-09-24T03:00:00Z,875,,,,,,,FALSE,,0,,,,0,,,,,,47.127641,8.192569,510,3.19,
200,2024-09-24T03:00:00Z,925,,,,,,,FALSE,,0,,,,0,,,,,,47.127641,8.192569,510,3.19,
200,2024-09-24T03:00:00Z,975,,,,,,,FALSE,,0,,,,0,,,,,,47.127641,8.192569,510,3.19,
200,2024-09-24T03:30:00Z,25,-3.262106239388309,1.1023153654695756,,3.443317627231978,288.6708939395417,,FALSE,,38.26086865657671,,,6,1,,,3.966499755026332,,,47.127641,8.192569,510,3.19,
200,2024-09-24T03:30:00Z,75,,,,,,,FALSE,,0,,,,0,,,,,,47.127641,8.192569,510,3.19,
200,2024-09-24T03:30:00Z,125,-3.2166006358291592,0.10174701686586594,,3.2182094564924846,271.8117671824963,,FALSE,,11.483166489729276,,,46,1,,,52.78318272017584,,,47.127641,8.192569,510,3.19,
200,2024-09-24T03:30:00Z,175,-1.4189715257532878,-1.1470297837709416,,1.8245979052263066,231.04955690382096,,FALSE,,41.49507193916434,,,48,3,,,23.937831015005788,,,47.127641,8.192569,510,3.19,
200,2024-09-24T03:30:00Z,225,-3.9239499230125174,-0.7502288176247442,,3.9950251910475565,259.1761165191059,,FALSE,,48.01936446208262,,,55,6,,,14.47404110348862,,,47.127641,8.192569,510,3.19,
200,2024-09-24T03:30:00Z,275,-3.3211491843452117,-0.7072506061196873,,3.3956200206344542,257.97823763434394,,FALSE,,14.699548816967035,,,50,4,,,10.604931284990576,,,47.127641,8.192569,510,3.19,
200,2024-09-24T03:30:00Z,325,-0.8590547786851839,0.675538782789876,,1.0928530367048799,308.1806081362098,,FALSE,,21.644048933268557,,,36,4,,,9.222667825974101,,,47.127641,8.192569,510,3.19,
200,2024-09-24T03:30:00Z,375,-1.5422235814378698,-0.9270792145995527,,1.7994247539937793,238.98859693223696,,FALSE,,23.940131542930466,,,31,3,,,12.948934332778455,,,47.127641,8.192569,510,3.19,
200,2024-09-24T03:30:00Z,425,,,,,,,FALSE,,0,,,,0,,,,,,47.127641,8.192569,510,3.19,
200,2024-09-24T03:30:00Z,475,,,,,,,FALSE,,0,,,,1,,,,,,47.127641,8.192569,510,3.19,
200,2024-09-24T03:30:00Z,525,-2.0933349078322965,-3.6560031900208583,,4.212886227017286,209.79436041538293,,FALSE,,6.1471123968852694,,,16,2,,,8.274057520347764,,,47.127641,8.192569,510,3.19,
200,2024-09-24T03:30:00Z,575,-0.43449013046475016,-0.5463201701730453,,0.6980310894288169,218.49533921648919,,FALSE,,3.858686955281137,,,18,1,,,8.452448402000357,,,47.127641,8.192569,510,3.19,
200,2024-09-24T03:30:00Z,625,2.018860730221364,-2.203568030381321,,2.988563319146602,137.50476839122052,,FALSE,,1.6460198972124414,,,9,1,,,12.174835650847916,,,47.127641,8.192569,510,3.19,
200,2024-09-24T03:30:00Z,675,6.473066186044049,6.7406714445580675,,9.345439388941934,43.8398016801387,,FALSE,,1.320969481831964,,,4,1,,,11.507556675381775,,,47.127641,8.192569,510,3.19,
200,2024-09-24T03:30:00Z,725,,,,,,,FALSE,,0,,,,0,,,,,,47.127641,8.192569,510,3.19,
200,2024-09-24T03:30:00Z,775,,,,,,,FALSE,,0,,,,0,,,,,,47.127641,8.192569,510,3.19,
200,2024-09-24T03:30:00Z,825,,,,,,,FALSE,,0,,,,0,,,,,,47.127641,8.192569,510,3.19,
200,2024-09-24T03:30:00Z,875,,,,,,,FALSE,,0,,,,0,,,,,,47.127641,8.192569,510,3.19,
200,2024-09-24T03:30:00Z,925,,,,,,,FALSE,,0,,,,0,,,,,,47.127641,8.192569,510,3.19,
200,2024-09-24T03:30:00Z,975,,,,,,,FALSE,,0,,,,0,,,,,,47.127641,8.192569,510,3.19,
200,2024-09-24T04:00:00Z,25,,,,,,,FALSE,,0,,,,1,,,,,,47.127641,8.192569,510,3.19,
200,2024-09-24T04:00:00Z,75,-2.4594583473971037,0.20490233973368066,,2.4679789973599107,274.7624265566048,,FALSE,,15.780509386858403,,,27,4,,,10.444041476753386,,,47.127641,8.192569,510,3.19,
200,2024-09-24T04:00:00Z,125,-3.2166006358291592,0.10174701686586594,,3.2182094564924846,271.8117671824963,,FALSE,,135.80279689784376,,,46,12,,,52.78318272017584,,,47.127641,8.192569,510,3.19,
200,2024-09-24T04:00:00Z,175,-1.4189715257532878,-1.1470297837709416,,1.8245979052263066,231.04955690382096,,FALSE,,101.19243887863543,,,48,12,,,23.937831015005788,,,47.127641,8.192569,510,3.19,
200,2024-09-24T04:00:00Z,225,-3.9239499230125174,-0.7502288176247442,,3.9950251910475565,259.1761165191059,,FALSE,,60.02097820202141,,,55,10,,,14.47404110348862,,,47.127641,8.192569,510,3.19,
200,2024-09-24T04:00:00Z,275,-3.3211491843452117,-0.7072506061196873,,3.3956200206344542,257.97823763434394,,FALSE,,33.33100675486645,,,50,9,,,10.604931284990576,,,47.127641,8.192569,510,3.19,
200,2024-09-24T04:00:00Z,325,-0.8590547786851839,0.675538782789876,,1.0928530367048799,308.1806081362098,,FALSE,,16.830665917450986,,,36,4,,,9.222667825974101,,,47.127641,8.192569,510,3.19,
200,2024-09-24T04:00:00Z,375,-1.5422235814378698,-0.9270792145995527,,1.7994247539937793,238.98859693223696,,FALSE,,5.116602542300691,,,31,2,,,12.948934332778455,,,47.127641,8.192569,510,3.19,
200,2024-09-24T04:00:00Z,425,-0.16670372159657568,1.8006169388647977,,1.8083173093572331,354.71055196534184,,FALSE,,25.099335259710664,,,20,5,,,18.56904591506065,,,47.127641,8.192569,510,3.19,
200,2024-09-24T04:00:00Z,475,,,,,,,FALSE,,0,,,,1,,,,,,47.127641,8.192569,510,3.19,
200,2024-09-24T04:00:00Z,525,-2.0933349078322965,-3.6560031900208583,,4.212886227017286,209.79436041538293,,FALSE,,2.365743518002107,,,16,1,,,8.274057520347764,,,47.127641,8.192569,510,3.19,
200,2024-09-24T04:00:00Z,575,,,,,,,FALSE,,0,,,,0,,,,,,47.127641,8.192569,510,3.19,
200,2024-09-24T04:00:00Z,625,2.018860730221364,-2.203568030381321,,2.988563319146602,137.50476839122052,,FALSE,,4.293597930459978,,,9,1,,,12.174835650847916,,,47.127641,8.192569,510,3.19,
200,2024-09-24T04:00:00Z,675,,,,,,,FALSE,,0,,,,0,,,,,,47.127641,8.192569,510,3.19,
200,2024-09-24T04:00:00Z,725,,,,,,,FALSE,,0,,,,0,,,,,,47.127641,8.192569,510,3.19,
200,2024-09-24T04:00:00Z,775,,,,,,,FALSE,,0,,,,0,,,,,,47.127641,8.192569,510,3.19,
200,2024-09-24T04:00:00Z,825,,,,,,,FALSE,,0,,,,0,,,,,,47.127641,8.192569,510,3.19,
200,2024-09-24T04:00:00Z,875,,,,,,,FALSE,,0,,,,0,,,,,,47.127641,8.192569,510,3.19,
200,2024-09-24T04:00:00Z,925,,,,,,,FALSE,,0,,,,0,,,,,,47.127641,8.192569,510,3.19,
200,2024-09-24T04:00:00Z,975,,,,,,,FALSE,,0,,,,0,,,,,,47.127641,8.192569,510,3.19,
200,2024-09-24T04:30:00Z,25,-3.262106239388309,1.1023153654695756,,3.443317627231978,288.6708939395417,,FALSE,,63.245619009586925,,,6,1,,,3.966499755026332,,,47.127641,8.192569,510,3.19,
200,2024-09-24T04:30:00Z,75,-2.4594583473971037,0.20490233973368066,,2.4679789973599107,274.7624265566048,,FALSE,,171.79819766586886,,,27,6,,,10.444041476753386,,,47.127641,8.192569,510,3.19,
200,2024-09-24T04:30:00Z,125,-3.2166006358291592,0.10174701686586594,,3.2182094564924846,271.8117671824963,,FALSE,,76.67000990290384,,,46,6,,,52.78318272017584,,,47.127641,8.192569,510,3.19,
200,2024-09-24T04:30:00Z,175,-1.4189715257532878,-1.1470297837709416,,1.8245979052263066,231.04955690382096,,FALSE,,53.590249197818416,,,48,6,,,23.937831015005788,,,47.127641,8.192569,510,3.19,
200,2024-09-24T04:30:00Z,225,-3.9239499230125174,-0.7502288176247442,,3.9950251910475565,259.1761165191059,,FALSE,,12.76056275591285,,,55,1,,,14.47404110348862,,,47.127641,8.192569,510,3.19,
200,2024-09-24T04:30:00Z,275,-3.3211491843452117,-0.7072506061196873,,3.3956200206344542,257.97823763434394,,FALSE,,32.537972783162964,,,50,7,,,10.604931284990576,,,47.127641,8.192569,510,3.19,
200,2024-09-24T04:30:00Z,325,-0.8590547786851839,0.675538782789876,,1.0928530367048799,308.1806081362098,,FALSE,,15.171357524079525,,,36,2,,,9.222667825974101,,,47.127641,8.192569,510,3.19,
200,2024-09-24T04:30:00Z,375,,,,,,,FALSE,,0,,,,1,,,,,,47.127641,8.192569,510,3.19,
200,2024-09-24T04:30:00Z,425,-0.16670372159657568,1.8006169388647977,,1.8083173093572331,354.71055196534184,,FALSE,,3.2191633282874936,,,20,1,,,18.56904591506065,,,47.127641,8.192569,510,3.19,
200,2024-09-24T04:30:00Z,475,,,,,,,FALSE,,0,,,,1,,,,,,47.127641,8.192569,510,3.19,
200,2024-09-24T04:30:00Z,525,,,,,,,FALSE,,0,,,,0,,,,,,47.127641,8.192569,510,3.19,
200,2024-09-24T04:30:00Z,575,-0.43449013046475016,-0.5463201701730453,,0.6980310894288169,218.49533921648919,,FALSE,,3.561800720163543,,,18,1,,,8.452448402000357,,,47.127641,8.192569,510,3.19,
200,2024-09-24T04:30:00Z,625,,,,,,,FALSE,,0,,,,0,,,,,,47.127641,8.192569,510,3.19,
200,2024-09-24T04:30:00Z,675,,,,,,,FALSE,,0,,,,0,,,,,,47.127641,8.192569,510,3.19,
200,2024-09-24T04:30:00Z,725,,,,,,,FALSE,,0,,,,0,,,,,,47.127641,8.192569,510,3.19,
200,2024-09-24T04:30:00Z,775,,,,,,,FALSE,,0,,,,0,,,,,,47.127641,8.192569,510,3.19,
200,2024-09-24T04:30:00Z,825,,,,,,,FALSE,,0,,,,0,,,,,,47.127641,8.192569,510,3.19,
200,2024-09-24T04:30:00Z,875,,,,,,,FALSE,,0,,,,0,,,,,,47.127641,8.192569,510,3.19,
200,2024-09-24T04:30:00Z,925,,,,,,,FALSE,,0,,,,0,,,,,,47.127641,8.192569,510,3.19,
200,2024-09-24T04:30:00Z,975,,,,,,,FALSE,,0,,,,0,,,,,,47.127641,8.192569,510,3.19,
200,2024-09-24T05:00:00Z,25,,,,,,,FALSE,,0,,,,0,,,,,,47.127641,8.192569,510,3.19,
200,2024-09-24T05:00:00Z,75,-2.4594583473971037,0.20490233973368066,,2.4679789973599107,274.7624265566048,,FALSE,,36.2363485079549,,,27,2,,,10.444041476753386,,,47.127641,8.192569,510,3.19,
200,2024-09-24T05:00:00Z,125,,,,,,,FALSE,,0,,,,0,,,,,,47.127641,8.192569,510,3.19,
200,2024-09-24T05:00:00Z,175,,,,,,,FALSE,,0,,,,0,,,,,,47.127641,8.192569,510,3.19,
200,2024-09-24T05:00:00Z,225,-3.9239499230125174,-0.7502288176247442,,3.9950251910475565,259.1761165191059,,FALSE,,10.995309021839729,,,55,3,,,14.47404110348862,,,47.127641,8.192569,510,3.19,
200,2024-09-24T05:00:00Z,275,-3.3211491843452117,-0.7072506061196873,,3.3956200206344542,257.97823763434394,,FALSE,,9.985688986636704,,,50,1,,,10.604931284990576,,,47.127641,8.192569,510,3.19,
200,2024-09-24T05:00:00Z,325,,,,,,,FALSE,,0,,,,0,,,,,,47.127641,8.192569,510,3.19,
200,2024-09-24T05:00:00Z,375,,,,,,,FALSE,,0,,,,0,,,,,,47.127641,8.192569,510,3.19,
200,2024-09-24T05:00:00Z,425,,,,,,,FALSE,,0,,,,0,,,,,,47.127641,8.192569,510,3.19,
200,2024-09-24T05:00:00Z,475,,,,,,,FALSE,,0,,,,0,,,,,,47.127641,8.192569,510,3.19,
200,2024-09-24T05:00:00Z,525,,,,,,,FALSE,,0,,,,0,,,,,,47.127641,8.192569,510,3.19,
200,2024-09-24T05:00:00Z,575,,,,,,,FALSE,,0,,,,1,,,,,,47.127641,8.192569,510,3.19,
200,2024-09-24T05:00:00Z,625,,,,,,,FALSE,,0,,,,0,,,,,,47.127641,8.192569,510,3.19,
200,2024-09-24T05:00:00Z,675,,,,,,,FALSE,,0,,,,0,,,,,,47.127641,8.192569,510,3.19,
200,2024-09-24T05:00:00Z,725,,,,,,,FALSE,,0,,,,1,,,,,,47.127641,8.192569,510,3.19,
200,2024-09-24T05:00:00Z,775,,,,,,,FALSE,,0,,,,0,,,,,,47.127641,8.192569,510,3.19,
200,2024-09-24T05:00:00Z,825,,,,,,,FALSE,,0,,,,1,,,,,,47.127641,8.192569,510,3.19,
200,2024-09-24T05:00:00Z,875,20.030727634019343,2.1382698554580446,,20.144533936604905,83.90678013794181,,FALSE,,1.5410102324245778,,,5,1,,,33.59340908358579,,,47.127641,8.192569,510,3.19,
200,2024-09-24T05:00:00Z,925,,,,,,,FALSE,,0,,,,0,,,,,,47.127641,8.192569,510,3.19,
200,2024-09-24T05:00:00Z,975,,,,,,,FALSE,,0,,,,0,,,,,,47.127641,8.192569,510,3.19,
200,2024-09-24T05:30:00Z,25,,,,,,,FALSE,,0,,,,1,,,,,,47.127641,8.192569,510,3.19,
200,2024-09-24T05:30:00Z,75,-2.4594583473971037,0.20490233973368066,,2.4679789973599107,274.7624265566048,,FALSE,,24.540222464942193,,,27,1,,,10.444041476753386,,,47.127641,8.192569,510,3.19,
200,2024-09-24T05:30:00Z,125,-3.2166006358291592,0.10174701686586594,,3.2182094564924846,271.8117671824963,,FALSE,,15.006122000933006,,,46,2,,,52.78318272017584,,,47.127641,8.192569,510,3.19,
200,2024-09-24T05:30:00Z,175,-1.4189715257532878,-1.1470297837709416,,1.8245979052263066,231.04955690382096,,FALSE,,38.588537283594654,,,48,4,,,23.937831015005788,,,47.127641,8.192569,510,3.19,
200,2024-09-24T05:30:00Z,225,-3.9239499230125174,-0.7502288176247442,,3.9950251910475565,259.1761165191059,,FALSE,,6.8098573548056915,,,55,1,,,14.47404110348862,,,47.127641,8.192569,510,3.19,
200,2024-09-24T05:30:00Z,275,-3.3211491843452117,-0.7072506061196873,,3.3956200206344542,257.97823763434394,,FALSE,,7.692477485271665,,,50,1,,,10.604931284990576,,,47.127641,8.192569,510,3.19,
200,2024-09-24T05:30:00Z,325,,,,,,,FALSE,,0,,,,0,,,,,,47.127641,8.192569,510,3.19,
200,2024-09-24T05:30:00Z,375,-1.5422235814378698,-0.9270792145995527,,1.7994247539937793,238.98859693223696,,FALSE,,12.403840186362252,,,31,2,,,12.948934332778455,,,47.127641,8.192569,510,3.19,
200,2024-09-24T05:30:00Z,425,,,,,,,FALSE,,0,,,,2,,,,,,47.127641,8.192569,510,3.19,
200,2024-09-24T05:30:00Z,475,1.5325042761465506,-1.126612116162635,,1.902057889942342,126.32126203686276,,FALSE,,1.3084812996950717,,,19,1,,,24.732010862657685,,,47.127641,8.192569,510,3.19,
200,2024-09-24T05:30:00Z,525,,,,,,,FALSE,,0,,,,0,,,,,,47.127641,8.192569,510,3.19,
200,2024-09-24T05:30:00Z,575,,,,,,,FALSE,,0,,,,0,,,,,,47.127641,8.192569,510,3.19,
200,2024-09-24T05:30:00Z,625,,,,,,,FALSE,,0,,,,0,,,,,,47.127641,8.192569,510,3.19,
200,2024-09-24T05:30:00Z,675,,,,,,,FALSE,,0,,,,0,,,,,,47.127641,8.192569,510,3.19,
200,2024-09-24T05:30:00Z,725,,,,,,,FALSE,,0,,,,0,,,,,,47.127641,8.192569,510,3.19,
200,2024-09-24T05:30:00Z,775,,,,,,,FALSE,,0,,,,0,,,,,,47.127641,8.192569,510,3.19,
200,2024-09-24T05:30:00Z,825,,,,,,,FALSE,,0,,,,0,,,,,,47.127641,8.192569,510,3.19,
200,2024-09-24T05:30:00Z,875,20.030727634019343,2.1382698554580446,,20.144533936604905,83.90678013794181,,FALSE,,0.5865315800636145,,,5,1,,,33.59340908358579,,,47.127641,8.192569,510,3.19,
200,2024-09-24T05:30:00Z,925,,,,,,,FALSE,,0,,,,0,,,,,,47.127641,8.192569,510,3.19,
200,2024-09-24T05:30:00Z,975,,,,,,,FALSE,,0,,,,0,,,,,,47.127641,8.192569,510,3.19,
200,2024-09-24T06:00:00Z,25,,,,,,,FALSE,,0,,,,1,,,,,,47.127641,8.192569,510,3.19,
200,2024-09-24T06:00:00Z,75,-2.4594583473971037,0.20490233973368066,,2.4679789973599107,274.7624265566048,,FALSE,,101.99962270555734,,,27,4,,,10.444041476753386,,,47.127641,8.192569,510,3.19,
200,2024-09-24T06:00:00Z,125,-3.2166006358291592,0.10174701686586594,,3.2182094564924846,271.8117671824963,,FALSE,,9.569601845745884,,,46,1,,,52.78318272017584,,,47.127641,8.192569,510,3.19,
200,2024-09-24T06:00:00Z,175,-1.4189715257532878,-1.1470297837709416,,1.8245979052263066,231.04955690382096,,FALSE,,17.312339667494047,,,48,2,,,23.937831015005788,,,47.127641,8.192569,510,3.19,
200,2024-09-24T06:00:00Z,225,-3.9239499230125174,-0.7502288176247442,,3.9950251910475565,259.1761165191059,,FALSE,,4.253412608674536,,,55,2,,,14.47404110348862,,,47.127641,8.192569,510,3.19,
200,2024-09-24T06:00:00Z,275,-3.3211491843452117,-0.7072506061196873,,3.3956200206344542,257.97823763434394,,FALSE,,6.951140643640176,,,50,1,,,10.604931284990576,,,47.127641,8.192569,510,3.19,
200,2024-09-24T06:00:00Z,325,,,,,,,FALSE,,0,,,,0,,,,,,47.127641,8.192569,510,3.19,
200,2024-09-24T06:00:00Z,375,,,,,,,FALSE,,0,,,,0,,,,,,47.127641,8.192569,510,3.19,
200,2024-09-24T06:00:00Z,425,,,,,,,FALSE,,0,,,,0,,,,,,47.127641,8.192569,510,3.19,
200,2024-09-24T06:00:00Z,475,,,,,,,FALSE,,0,,,,0,,,,,,47.127641,8.192569,510,3.19,
200,2024-09-24T06:00:00Z,525,,,,,,,FALSE,,0,,,,1,,,,,,47.127641,8.192569,510,3.19,
200,2024-09-24T06:00:00Z,575,,,,,,,FALSE,,0,,,,0,,,,,,47.127641,8.192569,510,3.19,
200,2024-09-24T06:00:00Z,625,,,,,,,FALSE,,0,,,,0,,,,,,47.127641,8.192569,510,3.19,
200,2024-09-24T06:00:00Z,675,,,,,,,FALSE,,0,,,,0,,,,,,47.127641,8.192569,510,3.19,
200,2024-09-24T06:00:00Z,725,9.403093267221932,-5.140266536403596,,10.716366131172686,118.66352965291468,,FALSE,,12.048085226659623,,,6,13,,,35.832119906615866,,,47.127641,8.192569,510,3.19,
200,2024-09-24T06:00:00Z,775,3.2094561408833506,3.7335439658793708,,4.923409313210523,40.683251892794615,,FALSE,,14.025623752164222,,,5,11,,,28.615548558068294,,,47.127641,8.192569,510,3.19,
200,2024-09-24T06:00:00Z,825,,,,,,,FALSE,,0,,,,0,,,,,,47.127641,8.192569,510,3.19,
200,2024-09-24T06:00:00Z,875,,,,,,,FALSE,,0,,,,0,,,,,,47.127641,8.192569,510,3.19,
200,2024-09-24T06:00:00Z,925,,,,,,,FALSE,,0,,,,0,,,,,,47.127641,8.192569,510,3.19,
200,2024-09-24T06:00:00Z,975,,,,,,,FALSE,,0,,,,0,,,,,,47.127641,8.192569,510,3.19,
200,2024-09-24T06:30:00Z,25,-3.262106239388309,1.1023153654695756,,3.443317627231978,288.6708939395417,,FALSE,,63.11661616367969,,,6,1,,,3.966499755026332,,,47.127641,8.192569,510,3.19,
200,2024-09-24T06:30:00Z,75,-2.4594583473971037,0.20490233973368066,,2.4679789973599107,274.7624265566048,,FALSE,,16.855322083145403,,,27,1,,,10.444041476753386,,,47.127641,8.192569,510,3.19,
200,2024-09-24T06:30:00Z,125,-3.2166006358291592,0.10174701686586594,,3.2182094564924846,271.8117671824963,,FALSE,,5.5571350638311845,,,46,1,,,52.78318272017584,,,47.127641,8.192569,510,3.19,
200,2024-09-24T06:30:00Z,175,-1.4189715257532878,-1.1470297837709416,,1.8245979052263066,231.04955690382096,,FALSE,,40.91621471072715,,,48,3,,,23.937831015005788,,,47.127641,8.192569,510,3.19,
200,2024-09-24T06:30:00Z,225,-3.9239499230125174,-0.7502288176247442,,3.9950251910475565,259.1761165191059,,FALSE,,8.178656274549782,,,55,1,,,14.47404110348862,,,47.127641,8.192569,510,3.19,
200,2024-09-24T06:30:00Z,275,,,,,,,FALSE,,0,,,,0,,,,,,47.127641,8.192569,510,3.19,
200,2024-09-24T06:30:00Z,325,-0.8590547786851839,0.675538782789876,,1.0928530367048799,308.1806081362098,,FALSE,,4.178639947378549,,,36,1,,,9.222667825974101,,,47.127641,8.192569,510,3.19,
200,2024-09-24T06:30:00Z,375,-1.5422235814378698,-0.9270792145995527,,1.7994247539937793,238.98859693223696,,FALSE,,13.354199518341478,,,31,2,,,12.948934332778455,,,47.127641,8.192569,510,3.19,
200,2024-09-24T06:30:00Z,425,,,,,,,FALSE,,0,,,,0,,,,,,47.127641,8.192569,510,3.19,
200,2024-09-24T06:30:00Z,475,,,,,,,FALSE,,0,,,,0,,,,,,47.127641,8.192569,510,3.19,
200,2024-09-24T06:30:00Z,525,,,,,,,FALSE,,0,,,,0,,,,,,47.127641,8.192569,510,3.19,
200,2024-09-24T06:30:00Z,575,-0.43449013046475016,-0.5463201701730453,,0.6980310894288169,218.49533921648919,,FALSE,,1.572338327817444,,,18,3,,,8.452448402000357,,,47.127641,8.192569,510,3.19,
200,2024-09-24T06:30:00Z,625,,,,,,,FALSE,,0,,,,1,,,,,,47.127641,8.192569,510,3.19,
200,2024-09-24T06:30:00Z,675,,,,,,,FALSE,,0,,,,0,,,,,,47.127641,8.192569,510,3.19,
200,2024-09-24T06:30:00Z,725,,,,,,,FALSE,,0,,,,0,,,,,,47.127641,8.192569,510,3.19,
200,2024-09-24T06:30:00Z,775,,,,,,,FALSE,,0,,,,0,,,,,,47.127641,8.192569,510,3.19,
200,2024-09-24T06:30:00Z,825,,,,,,,FALSE,,0,,,,0,,,,,,47.127641,8.192569,510,3.19,
200,2024-09-24T06:30:00Z,875,,,,,,,FALSE,,0,,,,0,,,,,,47.127641,8.192569,510,3.19,
200,2024-09-24T06:30:00Z,925,,,,,,,FALSE,,0,,,,0,,,,,,47.127641,8.192569,510,3.19,
200,2024-09-24T06:30:00Z,975,,,,,,,FALSE,,0,,,,0,,,,,,47.127641,8.192569,510,3.19,
200,2024-09-24T07:00:00Z,25,-3.262106239388309,1.1023153654695756,,3.443317627231978,288.6708939395417,,FALSE,,368.1063752951087,,,6,16,,,3.966499755026332,,,47.127641,8.192569,510,3.19,
200,2024-09-24T07:00:00Z,75,-2.4594583473971037,0.20490233973368066,,2.4679789973599107,274.7624265566048,,FALSE,,64.33377643889001,,,27,5,,,10.444041476753386,,,47.127641,8.192569,510,3.19,
200,2024-09-24T07:00:00Z,125,-3.2166006358291592,0.10174701686586594,,3.2182094564924846,271.8117671824963,,FALSE,,44.166572841669506,,,46,2,,,52.78318272017584,,,47.127641,8.192569,510,3.19,
200,2024-09-24T07:00:00Z,175,-1.4189715257532878,-1.1470297837709416,,1.8245979052263066,231.04955690382096,,FALSE,,47.10005504455764,,,48,4,,,23.937831015005788,,,47.127641,8.192569,510,3.19,
200,2024-09-24T07:00:00Z,225,-3.9239499230125174,-0.7502288176247442,,3.9950251910475565,259.1761165191059,,FALSE,,16.03377666215509,,,55,2,,,14.47404110348862,,,47.127641,8.192569,510,3.19,
200,2024-09-24T07:00:00Z,275,-3.3211491843452117,-0.7072506061196873,,3.3956200206344542,257.97823763434394,,FALSE,,3.700429460941242,,,50,1,,,10.604931284990576,,,47.127641,8.192569,510,3.19,
200,2024-09-24T07:00:00Z,325,,,,,,,FALSE,,0,,,,0,,,,,,47.127641,8.192569,510,3.19,
200,2024-09-24T07:00:00Z,375,-1.5422235814378698,-0.9270792145995527,,1.7994247539937793,238.98859693223696,,FALSE,,2.655140850914353,,,31,1,,,12.948934332778455,,,47.127641,8.192569,510,3.19,
200,2024-09-24T07:00:00Z,425,,,,,,,FALSE,,0,,,,0,,,,,,47.127641,8.192569,510,3.19,
200,2024-09-24T07:00:00Z,475,,,,,,,FALSE,,0,,,,0,,,,,,47.127641,8.192569,510,3.19,
200,2024-09-24T07:00:00Z,525,,,,,,,FALSE,,0,,,,0,,,,,,47.127641,8.192569,510,3.19,
200,2024-09-24T07:00:00Z,575,,,,,,,FALSE,,0,,,,0,,,,,,47.127641,8.192569,510,3.19,
200,2024-09-24T07:00:00Z,625,,,,,,,FALSE,,0,,,,0,,,,,,47.127641,8.192569,510,3.19,
200,2024-09-24T07:00:00Z,675,,,,,,,FALSE,,0,,,,0,,,,,,47.127641,8.192569,510,3.19,
200,2024-09-24T07:00:00Z,725,,,,,,,FALSE,,0,,,,0,,,,,,47.127641,8.192569,510,3.19,
200,2024-09-24T07:00:00Z,775,,,,,,,FALSE,,0,,,,0,,,,,,47.127641,8.192569,510,3.19,
200,2024-09-24T07:00:00Z,825,,,,,,,FALSE,,0,,,,0,,,,,,47.127641,8.192569,510,3.19,
200,2024-09-24T07:00:00Z,875,,,,,,,FALSE,,0,,,,0,,,,,,47.127641,8.192569,510,3.19,
200,2024-09-24T07:00:00Z,925,,,,,,,FALSE,,0,,,,0,,,,,,47.127641,8.192569,510,3.19,
200,2024-09-24T07:00:00Z,975,,,,,,,FALSE,,0,,,,0,,,,,,47.127641,8.192569,510,3.19,
200,2024-09-24T07:30:00Z,25,-3.262106239388309,1.1023153654695756,,3.443317627231978,288.6708939395417,,FALSE,,159.4312879463535,,,6,2,,,3.966499755026332,,,47.127641,8.192569,510,3.19,
200,2024-09-24T07:30:00Z,75,-2.4594583473971037,0.20490233973368066,,2.4679789973599107,274.7624265566048,,FALSE,,47.421944640023014,,,27,2,,,10.444041476753386,,,47.127641,8.192569,510,3.19,
200,2024-09-24T07:30:00Z,125,-3.2166006358291592,0.10174701686586594,,3.2182094564924846,271.8117671824963,,FALSE,,23.292168360065133,,,46,2,,,52.78318272017584,,,47.127641,8.192569,510,3.19,
200,2024-09-24T07:30:00Z,175,-1.4189715257532878,-1.1470297837709416,,1.8245979052263066,231.04955690382096,,FALSE,,22.433138613438032,,,48,4,,,23.937831015005788,,,47.127641,8.192569,510,3.19,
200,2024-09-24T07:30:00Z,225,-3.9239499230125174,-0.7502288176247442,,3.9950251910475565,259.1761165191059,,FALSE,,13.735013391106241,,,55,6,,,14.47404110348862,,,47.127641,8.192569,510,3.19,
200,2024-09-24T07:30:00Z,275,,,,,,,FALSE,,0,,,,1,,,,,,47.127641,8.192569,510,3.19,
200,2024-09-24T07:30:00Z,325,,,,,,,FALSE,,0,,,,0,,,,,,47.127641,8.192569,510,3.19,
200,2024-09-24T07:30:00Z,375,,,,,,,FALSE,,0,,,,0,,,,,,47.127641,8.192569,510,3.19,
200,2024-09-24T07:30:00Z,425,-0.16670372159657568,1.8006169388647977,,1.8083173093572331,354.71055196534184,,FALSE,,2.101558688358737,,,20,1,,,18.56904591506065,,,47.127641,8.192569,510,3.19,
200,2024-09-24T07:30:00Z,475,,,,,,,FALSE,,0,,,,0,,,,,,47.127641,8.192569,510,3.19,
200,2024-09-24T07:30:00Z,525,,,,,,,FALSE,,0,,,,0,,,,,,47.127641,8.192569,510,3.19,
200,2024-09-24T07:30:00Z,575,,,,,,,FALSE,,0,,,,0,,,,,,47.127641,8.192569,510,3.19,
200,2024-09-24T07:30:00Z,625,,,,,,,FALSE,,0,,,,0,,,,,,47.127641,8.192569,510,3.19,
200,2024-09-24T07:30:00Z,675,,,,,,,FALSE,,0,,,,0,,,,,,47.127641,8.192569,510,3.19,
200,2024-09-24T07:30:00Z,725,,,,,,,FALSE,,0,,,,0,,,,,,47.127641,8.192569,510,3.19,
200,2024-09-24T07:30:00Z,775,,,,,,,FALSE,,0,,,,0,,,,,,47.127641,8.192569,510,3.19,
200,2024-09-24T07:30:00Z,825,,,,,,,FALSE,,0,,,,0,,,,,,47.127641,8.192569,510,3.19,
200,2024-09-24T07:30:00Z,875,,,,,,,FALSE,,0,,,,0,,,,,,47.127641,8.192569,510,3.19,
200,2024-09-24T07:30:00Z,925,,,,,,,FALSE,,0,,,,0,,,,,,47.127641,8.192569,510,3.19,
200,2024-09-24T07:30:00Z,975,,,,,,,FALSE,,0,,,,0,,,,,,47.127641,8.192569,510,3.19,
200,2024-09-24T08:00:00Z,25,,,,,,,FALSE,,0,,,,3,,,,,,47.127641,8.192569,510,3.19,
200,2024-09-24T08:00:00Z,75,-2.4594583473971037,0.20490233973368066,,2.4679789973599107,274.7624265566048,,FALSE,,78.58063578010614,,,27,6,,,10.444041476753386,,,47.127641,8.192569,510,3.19,
200,2024-09-24T08:00:00Z,125,-3.2166006358291592,0.10174701686586594,,3.2182094564924846,271.8117671824963,,FALSE,,29.92598686606687,,,46,2,,,52.78318272017584,,,47.127641,8.192569,510,3.19,
200,2024-09-24T08:00:00Z,175,-1.4189715257532878,-1.1470297837709416,,1.8245979052263066,231.04955690382096,,FALSE,,14.32393600319537,,,48,2,,,23.937831015005788,,,47.127641,8.192569,510,3.19,
200,2024-09-24T08:00:00Z,225,-3.9239499230125174,-0.7502288176247442,,3.9950251910475565,259.1761165191059,,FALSE,,10.225360511512957,,,55,2,,,14.47404110348862,,,47.127641,8.192569,510,3.19,
200,2024-09-24T08:00:00Z,275,-3.3211491843452117,-0.7072506061196873,,3.3956200206344542,257.97823763434394,,FALSE,,4.792877907279133,,,50,2,,,10.604931284990576,,,47.127641,8.192569,510,3.19,
200,2024-09-24T08:00:00Z,325,-0.8590547786851839,0.675538782789876,,1.0928530367048799,308.1806081362098,,FALSE,,5.712362735884409,,,36,3,,,9.222667825974101,,,47.127641,8.192569,510,3.19,
200,2024-09-24T08:00:00Z,375,,,,,,,FALSE,,0,,,,4,,,,,,47.127641,8.192569,510,3.19,
200,2024-09-24T08:00:00Z,425,,,,,,,FALSE,,0,,,,2,,,,,,47.127641,8.192569,510,3.19,
200,2024-09-24T08:00:00Z,475,,,,,,,FALSE,,0,,,,0,,,,,,47.127641,8.192569,510,3.19,
200,2024-09-24T08:00:00Z,525,,,,,,,FALSE,,0,,,,0,,,,,,47.127641,8.192569,510,3.19,
200,2024-09-24T08:00:00Z,575,,,,,,,FALSE,,0,,,,0,,,,,,47.127641,8.192569,510,3.19,
200,2024-09-24T08:00:00Z,625,,,,,,,FALSE,,0,,,,0,,,,,,47.127641,8.192569,510,3.19,
200,2024-09-24T08:00:00Z,675,,,,,,,FALSE,,0,,,,0,,,,,,47.127641,8.192569,510,3.19,
200,2024-09-24T08:00:00Z,725,,,,,,,FALSE,,0,,,,0,,,,,,47.127641,8.192569,510,3.19,
200,2024-09-24T08:00:00Z,775,,,,,,,FALSE,,0,,,,0,,,,,,47.127641,8.192569,510,3.19,
200,2024-09-24T08:00:00Z,825,,,,,,,FALSE,,0,,,,0,,,,,,47.127641,8.192569,510,3.19,
200,2024-09-24T08:00:00Z,875,,,,,,,FALSE,,0,,,,0,,,,,,47.127641,8.192569,510,3.19,
200,2024-09-24T08:00:00Z,925,,,,,,,FALSE,,0,,,,0,,,,,,47.127641,8.192569,510,3.19,
200,2024-09-24T08:00:00Z,975,,,,,,,FALSE,,0,,,,0,,,,,,47.127641,8.192569,510,3.19,
200,2024-09-24T08:30:00Z,25,,,,,,,FALSE,,0,,,,0,,,,,,47.127641,8.192569,510,3.19,
200,2024-09-24T08:30:00Z,75,-2.4594583473971037,0.20490233973368066,,2.4679789973599107,274.7624265566048,,FALSE,,20.073002365451995,,,27,1,,,10.444041476753386,,,47.127641,8.192569,510,3.19,
200,2024-09-24T08:30:00Z,125,,,,,,,FALSE,,0,,,,0,,,,,,47.127641,8.192569,510,3.19,
200,2024-09-24T08:30:00Z,175,-1.4189715257532878,-1.1470297837709416,,1.8245979052263066,231.04955690382096,,FALSE,,8.873204473179706,,,48,2,,,23.937831015005788,,,47.127641,8.192569,510,3.19,
200,2024-09-24T08:30:00Z,225,,,,,,,FALSE,,0,,,,2,,,,,,47.127641,8.192569,510,3.19,
200,2024-09-24T08:30:00Z,275,,,,,,,FALSE,,0,,,,0,,,,,,47.127641,8.192569,510,3.19,
200,2024-09-24T08:30:00Z,325,,,,,,,FALSE,,0,,,,0,,,,,,47.127641,8.192569,510,3.19,
200,2024-09-24T08:30:00Z,375,,,,,,,FALSE,,0,,,,0,,,,,,47.127641,8.192569,510,3.19,
200,2024-09-24T08:30:00Z,425,,,,,,,FALSE,,0,,,,0,,,,,,47.127641,8.192569,510,3.19,
200,2024-09-24T08:30:00Z,475,,,,,,,FALSE,,0,,,,0,,,,,,47.127641,8.192569,510,3.19,
200,2024-09-24T08:30:00Z,525,,,,,,,FALSE,,0,,,,0,,,,,,47.127641,8.192569,510,3.19,
200,2024-09-24T08:30:00Z,575,,,,,,,FALSE,,0,,,,0,,,,,,47.127641,8.192569,510,3.19,
200,2024-09-24T08:30:00Z,625,,,,,,,FALSE,,0,,,,0,,,,,,47.127641,8.192569,510,3.19,
200,2024-09-24T08:30:00Z,675,,,,,,,FALSE,,0,,,,0,,,,,,47.127641,8.192569,510,3.19,
200,2024-09-24T08:30:00Z,725,,,,,,,FALSE,,0,,,,0,,,,,,47.127641,8.192569,510,3.19,
200,2024-09-24T08:30:00Z,775,,,,,,,FALSE,,0,,,,0,,,,,,47.127641,8.192569,510,3.19,
200,2024-09-24T08:30:00Z,825,,,,,,,FALSE,,0,,,,0,,,,,,47.127641,8.192569,510,3.19,
200,2024-09-24T08:30:00Z,875,,,,,,,FALSE,,0,,,,0,,,,,,47.127641,8.192569,510,3.19,
200,2024-09-24T08:30:00Z,925,,,,,,,FALSE,,0,,,,0,,,,,,47.127641,8.192569,510,3.19,
200,2024-09-24T08:30:00Z,975,,,,,,,FALSE,,0,,,,0,,,,,,47.127641,8.192569,510,3.19,
200,2024-09-24T09:00:00Z,25,,,,,,,FALSE,,0,,,,2,,,,,,47.127641,8.192569,510,3.19,
200,2024-09-24T09:00:00Z,75,-2.4594583473971037,0.20490233973368066,,2.4679789973599107,274.7624265566048,,FALSE,,69.86729634260632,,,27,2,,,10.444041476753386,,,47.127641,8.192569,510,3.19,
200,2024-09-24T09:00:00Z,125,,,,,,,FALSE,,0,,,,0,,,,,,47.127641,8.192569,510,3.19,
200,2024-09-24T09:00:00Z,175,-1.4189715257532878,-1.1470297837709416,,1.8245979052263066,231.04955690382096,,FALSE,,6.915199452900067,,,48,1,,,23.937831015005788,,,47.127641,8.192569,510,3.19,
200,2024-09-24T09:00:00Z,225,,,,,,,FALSE,,0,,,,0,,,,,,47.127641,8.192569,510,3.19,
200,2024-09-24T09:00:00Z,275,,,,,,,FALSE,,0,,,,0,,,,,,47.127641,8.192569,510,3.19,
200,2024-09-24T09:00:00Z,325,,,,,,,FALSE,,0,,,,0,,,,,,47.127641,8.192569,510,3.19,
200,2024-09-24T09:00:00Z,375,,,,,,,FALSE,,0,,,,0,,,,,,47.127641,8.192569,510,3.19,
200,2024-09-24T09:00:00Z,425,,,,,,,FALSE,,0,,,,0,,,,,,47.127641,8.192569,510,3.19,
200,2024-09-24T09:00:00Z,475,,,,,,,FALSE,,0,,,,0,,,,,,47.127641,8.192569,510,3.19,
200,2024-09-24T09:00:00Z,525,,,,,,,FALSE,,0,,,,0,,,,,,47.127641,8.192569,510,3.19,
200,2024-09-24T09:00:00Z,575,,,,,,,FALSE,,0,,,,0,,,,,,47.127641,8.192569,510,3.19,
200,2024-09-24T09:00:00Z,625,,,,,,,FALSE,,0,,,,0,,,,,,47.127641,8.192569,510,3.19,
200,2024-09-24T09:00:00Z,675,,,,,,,FALSE,,0,,,,0,,,,,,47.127641,8.192569,510,3.19,
200,2024-09-24T09:00:00Z,725,,,,,,,FALSE,,0,,,,0,,,,,,47.127641,8.192569,510,3.19,
200,2024-09-24T09:00:00Z,775,,,,,,,FALSE,,0,,,,0,,,,,,47.127641,8.192569,510,3.19,
200,2024-09-24T09:00:00Z,825,,,,,,,FALSE,,0,,,,0,,,,,,47.127641,8.192569,510,3.19,
200,2024-09-24T09:00:00Z,875,,,,,,,FALSE,,0,,,,0,,,,,,47.127641,8.192569,510,3.19,
200,2024-09-24T09:00:00Z,925,,,,,,,FALSE,,0,,,,0,,,,,,47.127641,8.192569,510,3.19,
200,2024-09-24T09:00:00Z,975,,,,,,,FALSE,,0,,,,0,,,,,,47.127641,8.192569,510,3.19,
200,2024-09-24T09:30:00Z,25,,,,,,,FALSE,,0,,,,0,,,,,,47.127641,8.192569,510,3.19,
200,2024-09-24T09:30:00Z,75,,,,,,,FALSE,,0,,,,0,,,,,,47.127641,8.192569,510,3.19,
200,2024-09-24T09:30:00Z,125,,,,,,,FALSE,,0,,,,0,,,,,,47.127641,8.192569,510,3.19,
200,2024-09-24T09:30:00Z,175,,,,,,,FALSE,,0,,,,0,,,,,,47.127641,8.192569,510,3.19,
200,2024-09-24T09:30:00Z,225,,,,,,,FALSE,,0,,,,0,,,,,,47.127641,8.192569,510,3.19,
200,2024-09-24T09:30:00Z,275,,,,,,,FALSE,,0,,,,1,,,,,,47.127641,8.192569,510,3.19,
200,2024-09-24T09:30:00Z,325,,,,,,,FALSE,,0,,,,0,,,,,,47.127641,8.192569,510,3.19,
200,2024-09-24T09:30:00Z,375,,,,,,,FALSE,,0,,,,0,,,,,,47.127641,8.192569,510,3.19,
200,2024-09-24T09:30:00Z,425,,,,,,,FALSE,,0,,,,0,,,,,,47.127641,8.192569,510,3.19,
200,2024-09-24T09:30:00Z,475,,,,,,,FALSE,,0,,,,0,,,,,,47.127641,8.192569,510,3.19,
200,2024-09-24T09:30:00Z,525,,,,,,,FALSE,,0,,,,0,,,,,,47.127641,8.192569,510,3.19,
200,2024-09-24T09:30:00Z,575,,,,,,,FALSE,,0,,,,0,,,,,,47.127641,8.192569,510,3.19,
200,2024-09-24T09:30:00Z,625,,,,,,,FALSE,,0,,,,0,,,,,,47.127641,8.192569,510,3.19,
200,2024-09-24T09:30:00Z,675,,,,,,,FALSE,,0,,,,0,,,,,,47.127641,8.192569,510,3.19,
200,2024-09-24T09:30:00Z,725,,,,,,,FALSE,,0,,,,0,,,,,,47.127641,8.192569,510,3.19,
200,2024-09-24T09:30:00Z,775,,,,,,,FALSE,,0,,,,0,,,,,,47.127641,8.192569,510,3.19,
200,2024-09-24T09:30:00Z,825,,,,,,,FALSE,,0,,,,0,,,,,,47.127641,8.192569,510,3.19,
200,2024-09-24T09:30:00Z,875,,,,,,,FALSE,,0,,,,0,,,,,,47.127641,8.192569,510,3.19,
200,2024-09-24T09:30:00Z,925,,,,,,,FALSE,,0,,,,0,,,,,,47.127641,8.192569,510,3.19,
200,2024-09-24T09:30:00Z,975,,,,,,,FALSE,,0,,,,0,,,,,,47.127641,8.192569,510,3.19,
200,2024-09-24T10:00:00Z,25,,,,,,,FALSE,,0,,,,0,,,,,,47.127641,8.192569,510,3.19,
200,2024-09-24T10:00:00Z,75,,,,,,,FALSE,,0,,,,0,,,,,,47.127641,8.192569,510,3.19,
200,2024-09-24T10:00:00Z,125,-3.2166006358291592,0.10174701686586594,,3.2182094564924846,271.8117671824963,,FALSE,,16.600308776647477,,,46,1,,,52.78318272017584,,,47.127641,8.192569,510,3.19,
200,2024-09-24T10:00:00Z,175,-1.4189715257532878,-1.1470297837709416,,1.8245979052263066,231.04955690382096,,FALSE,,8.616111309166712,,,48,1,,,23.937831015005788,,,47.127641,8.192569,510,3.19,
200,2024-09-24T10:00:00Z,225,,,,,,,FALSE,,0,,,,0,,,,,,47.127641,8.192569,510,3.19,
200,2024-09-24T10:00:00Z,275,,,,,,,FALSE,,0,,,,0,,,,,,47.127641,8.192569,510,3.19,
200,2024-09-24T10:00:00Z,325,,,,,,,FALSE,,0,,,,0,,,,,,47.127641,8.192569,510,3.19,
200,2024-09-24T10:00:00Z,375,,,,,,,FALSE,,0,,,,0,,,,,,47.127641,8.192569,510,3.19,
200,2024-09-24T10:00:00Z,425,,,,,,,FALSE,,0,,,,0,,,,,,47.127641,8.192569,510,3.19,
200,2024-09-24T10:00:00Z,475,,,,,,,FALSE,,0,,,,0,,,,,,47.127641,8.192569,510,3.19,
200,2024-09-24T10:00:00Z,525,,,,,,,FALSE,,0,,,,0,,,,,,47.127641,8.192569,510,3.19,
200,2024-09-24T10:00:00Z,575,,,,,,,FALSE,,0,,,,0,,,,,,47.127641,8.192569,510,3.19,
200,2024-09-24T10:00:00Z,625,,,,,,,FALSE,,0,,,,0,,,,,,47.127641,8.192569,510,3.19,
200,2024-09-24T10:00:00Z,675,,,,,,,FALSE,,0,,,,0,,,,,,47.127641,8.192569,510,3.19,
200,2024-09-24T10:00:00Z,725,,,,,,,FALSE,,0,,,,0,,,,,,47.127641,8.192569,510,3.19,
200,2024-09-24T10:00:00Z,775,,,,,,,FALSE,,0,,,,0,,,,,,47.127641,8.192569,510,3.19,
200,2024-09-24T10:00:00Z,825,,,,,,,FALSE,,0,,,,0,,,,,,47.127641,8.192569,510,3.19,
200,2024-09-24T10:00:00Z,875,,,,,,,FALSE,,0,,,,0,,,,,,47.127641,8.192569,510,3.19,
200,2024-09-24T10:00:00Z,925,,,,,,,FALSE,,0,,,,0,,,,,,47.127641,8.192569,510,3.19,
200,2024-09-24T10:00:00Z,975,,,,,,,FALSE,,0,,,,0,,,,,,47.127641,8.192569,510,3.19,
200,2024-09-24T10:30:00Z,25,,,,,,,FALSE,,0,,,,1,,,,,,47.127641,8.192569,510,3.19,
200,2024-09-24T10:30:00Z,75,,,,,,,FALSE,,0,,,,0,,,,,,47.127641,8.192569,510,3.19,
200,2024-09-24T10:30:00Z,125,,,,,,,FALSE,,0,,,,0,,,,,,47.127641,8.192569,510,3.19,
200,2024-09-24T10:30:00Z,175,,,,,,,FALSE,,0,,,,0,,,,,,47.127641,8.192569,510,3.19,
200,2024-09-24T10:30:00Z,225,,,,,,,FALSE,,0,,,,1,,,,,,47.127641,8.192569,510,3.19,
200,2024-09-24T10:30:00Z,275,,,,,,,FALSE,,0,,,,0,,,,,,47.127641,8.192569,510,3.19,
200,2024-09-24T10:30:00Z,325,,,,,,,FALSE,,0,,,,0,,,,,,47.127641,8.192569,510,3.19,
200,2024-09-24T10:30:00Z,375,,,,,,,FALSE,,0,,,,0,,,,,,47.127641,8.192569,510,3.19,
200,2024-09-24T10:30:00Z,425,,,,,,,FALSE,,0,,,,0,,,,,,47.127641,8.192569,510,3.19,
200,2024-09-24T10:30:00Z,475,,,,,,,FALSE,,0,,,,0,,,,,,47.127641,8.192569,510,3.19,
200,2024-09-24T10:30:00Z,525,,,,,,,FALSE,,0,,,,0,,,,,,47.127641,8.192569,510,3.19,
200,2024-09-24T10:30:00Z,575,,,,,,,FALSE,,0,,,,0,,,,,,47.127641,8.192569,510,3.19,
200,2024-09-24T10:30:00Z,625,,,,,,,FALSE,,0,,,,0,,,,,,47.127641,8.192569,510,3.19,
200,2024-09-24T10:30:00Z,675,,,,,,,FALSE,,0,,,,0,,,,,,47.127641,8.192569,510,3.19,
200,2024-09-24T10:30:00Z,725,,,,,,,FALSE,,0,,,,0,,,,,,47.127641,8.192569,510,3.19,
200,2024-09-24T10:30:00Z,775,,,,,,,FALSE,,0,,,,0,,,,,,47.127641,8.192569,510,3.19,
200,2024-09-24T10:30:00Z,825,,,,,,,FALSE,,0,,,,0,,,,,,47.127641,8.192569,510,3.19,
200,2024-09-24T10:30:00Z,875,,,,,,,FALSE,,0,,,,0,,,,,,47.127641,8.192569,510,3.19,
200,2024-09-24T10:30:00Z,925,,,,,,,FALSE,,0,,,,0,,,,,,47.127641,8.192569,510,3.19,
200,2024-09-24T10:30:00Z,975,,,,,,,FALSE,,0,,,,0,,,,,,47.127641,8.192569,510,3.19,
200,2024-09-24T11:00:00Z,25,,,,,,,FALSE,,0,,,,2,,,,,,47.127641,8.192569,510,3.19,
200,2024-09-24T11:00:00Z,75,,,,,,,FALSE,,0,,,,2,,,,,,47.127641,8.192569,510,3.19,
200,2024-09-24T11:00:00Z,125,-3.2166006358291592,0.10174701686586594,,3.2182094564924846,271.8117671824963,,FALSE,,52.755524441889655,,,46,9,,,52.78318272017584,,,47.127641,8.192569,510,3.19,
200,2024-09-24T11:00:00Z,175,-1.4189715257532878,-1.1470297837709416,,1.8245979052263066,231.04955690382096,,FALSE,,85.30587507006692,,,48,10,,,23.937831015005788,,,47.127641,8.192569,510,3.19,
200,2024-09-24T11:00:00Z,225,,,,,,,FALSE,,0,,,,1,,,,,,47.127641,8.192569,510,3.19,
200,2024-09-24T11:00:00Z,275,-3.3211491843452117,-0.7072506061196873,,3.3956200206344542,257.97823763434394,,FALSE,,3.5360013108318893,,,50,2,,,10.604931284990576,,,47.127641,8.192569,510,3.19,
200,2024-09-24T11:00:00Z,325,-0.8590547786851839,0.675538782789876,,1.0928530367048799,308.1806081362098,,FALSE,,10.718241824626254,,,36,2,,,9.222667825974101,,,47.127641,8.192569,510,3.19,
200,2024-09-24T11:00:00Z,375,-1.5422235814378698,-0.9270792145995527,,1.7994247539937793,238.98859693223696,,FALSE,,3.7057685728818606,,,31,1,,,12.948934332778455,,,47.127641,8.192569,510,3.19,
200,2024-09-24T11:00:00Z,425,,,,,,,FALSE,,0,,,,0,,,,,,47.127641,8.192569,510,3.19,
200,2024-09-24T11:00:00Z,475,1.5325042761465506,-1.126612116162635,,1.902057889942342,126.32126203686276,,FALSE,,8.94452435290604,,,19,4,,,24.732010862657685,,,47.127641,8.192569,510,3.19,
200,2024-09-24T11:00:00Z,525,,,,,,,FALSE,,0,,,,0,,,,,,47.127641,8.192569,510,3.19,
200,2024-09-24T11:00:00Z,575,,,,,,,FALSE,,0,,,,0,,,,,,47.127641,8.192569,510,3.19,
200,2024-09-24T11:00:00Z,625,,,,,,,FALSE,,0,,,,0,,,,,,47.127641,8.192569,510,3.19,
200,2024-09-24T11:00:00Z,675,,,,,,,FALSE,,0,,,,0,,,,,,47.127641,8.192569,510,3.19,
200,2024-09-24T11:00:00Z,725,,,,,,,FALSE,,0,,,,0,,,,,,47.127641,8.192569,510,3.19,
200,2024-09-24T11:00:00Z,775,,,,,,,FALSE,,0,,,,0,,,,,,47.127641,8.192569,510,3.19,
200,2024-09-24T11:00:00Z,825,,,,,,,FALSE,,0,,,,0,,,,,,47.127641,8.192569,510,3.19,
200,2024-09-24T11:00:00Z,875,,,,,,,FALSE,,0,,,,0,,,,,,47.127641,8.192569,510,3.19,
200,2024-09-24T11:00:00Z,925,,,,,,,FALSE,,0,,,,0,,,,,,47.127641,8.192569,510,3.19,
200,2024-09-24T11:00:00Z,975,,,,,,,FALSE,,0,,,,0,,,,,,47.127641,8.192569,510,3.19,
200,2024-09-24T11:30:00Z,25,,,,,,,FALSE,,0,,,,0,,,,,,47.127641,8.192569,510,3.19,
200,2024-09-24T11:30:00Z,75,-2.4594583473971037,0.20490233973368066,,2.4679789973599107,274.7624265566048,,FALSE,,32.90020714428894,,,27,4,,,10.444041476753386,,,47.127641,8.192569,510,3.19,
200,2024-09-24T11:30:00Z,125,,,,,,,FALSE,,0,,,,2,,,,,,47.127641,8.192569,510,3.19,
200,2024-09-24T11:30:00Z,175,,,,,,,FALSE,,0,,,,0,,,,,,47.127641,8.192569,510,3.19,
200,2024-09-24T11:30:00Z,225,,,,,,,FALSE,,0,,,,1,,,,,,47.127641,8.192569,510,3.19,
200,2024-09-24T11:30:00Z,275,,,,,,,FALSE,,0,,,,2,,,,,,47.127641,8.192569,510,3.19,
200,2024-09-24T11:30:00Z,325,,,,,,,FALSE,,0,,,,0,,,,,,47.127641,8.192569,510,3.19,
200,2024-09-24T11:30:00Z,375,,,,,,,FALSE,,0,,,,0,,,,,,47.127641,8.192569,510,3.19,
200,2024-09-24T11:30:00Z,425,,,,,,,FALSE,,0,,,,0,,,,,,47.127641,8.192569,510,3.19,
200,2024-09-24T11:30:00Z,475,,,,,,,FALSE,,0,,,,0,,,,,,47.127641,8.192569,510,3.19,
200,2024-09-24T11:30:00Z,525,,,,,,,FALSE,,0,,,,0,,,,,,47.127641,8.192569,510,3.19,
200,2024-09-24T11:30:00Z,575,,,,,,,FALSE,,0,,,,0,,,,,,47.127641,8.192569,510,3.19,
200,2024-09-24T11:30:00Z,625,,,,,,,FALSE,,0,,,,0,,,,,,47.127641,8.192569,510,3.19,
200,2024-09-24T11:30:00Z,675,,,,,,,FALSE,,0,,,,0,,,,,,47.127641,8.192569,510,3.19,
200,2024-09-24T11:30:00Z,725,,,,,,,FALSE,,0,,,,0,,,,,,47.127641,8.192569,510,3.19,
200,2024-09-24T11:30:00Z,775,,,,,,,FALSE,,0,,,,0,,,,,,47.127641,8.192569,510,3.19,
200,2024-09-24T11:30:00Z,825,,,,,,,FALSE,,0,,,,0,,,,,,47.127641,8.192569,510,3.19,
200,2024-09-24T11:30:00Z,875,,,,,,,FALSE,,0,,,,0,,,,,,47.127641,8.192569,510,3.19,
200,2024-09-24T11:30:00Z,925,,,,,,,FALSE,,0,,,,0,,,,,,47.127641,8.192569,510,3.19,
200,2024-09-24T11:30:00Z,975,,,,,,,FALSE,,0,,,,0,,,,,,47.127641,8.192569,510,3.19,
200,2024-09-24T12:00:00Z,25,-3.262106239388309,1.1023153654695756,,3.443317627231978,288.6708939395417,,FALSE,,151.38096132102305,,,6,6,,,3.966499755026332,,,47.127641,8.192569,510,3.19,
200,2024-09-24T12:00:00Z,75,,,,,,,FALSE,,0,,,,0,,,,,,47.127641,8.192569,510,3.19,
200,2024-09-24T12:00:00Z,125,,,,,,,FALSE,,0,,,,0,,,,,,47.127641,8.192569,510,3.19,
200,2024-09-24T12:00:00Z,175,,,,,,,FALSE,,0,,,,0,,,,,,47.127641,8.192569,510,3.19,
200,2024-09-24T12:00:00Z,225,,,,,,,FALSE,,0,,,,0,,,,,,47.127641,8.192569,510,3.19,
200,2024-09-24T12:00:00Z,275,,,,,,,FALSE,,0,,,,0,,,,,,47.127641,8.192569,510,3.19,
200,2024-09-24T12:00:00Z,325,,,,,,,FALSE,,0,,,,0,,,,,,47.127641,8.192569,510,3.19,
200,2024-09-24T12:00:00Z,375,,,,,,,FALSE,,0,,,,1,,,,,,47.127641,8.192569,510,3.19,
200,2024-09-24T12:00:00Z,425,,,,,,,FALSE,,0,,,,0,,,,,,47.127641,8.192569,510,3.19,
200,2024-09-24T12:00:00Z,475,,,,,,,FALSE,,0,,,,0,,,,,,47.127641,8.192569,510,3.19,
200,2024-09-24T12:00:00Z,525,,,,,,,FALSE,,0,,,,0,,,,,,47.127641,8.192569,510,3.19,
200,2024-09-24T12:00:00Z,575,,,,,,,FALSE,,0,,,,0,,,,,,47.127641,8.192569,510,3.19,
200,2024-09-24T12:00:00Z,625,,,,,,,FALSE,,0,,,,0,,,,,,47.127641,8.192569,510,3.19,
200,2024-09-24T12:00:00Z,675,,,,,,,FALSE,,0,,,,0,,,,,,47.127641,8.192569,510,3.19,
200,2024-09-24T12:00:00Z,725,,,,,,,FALSE,,0,,,,0,,,,,,47.127641,8.192569,510,3.19,
200,2024-09-24T12:00:00Z,775,,,,,,,FALSE,,0,,,,0,,,,,,47.127641,8.192569,510,3.19,
200,2024-09-24T12:00:00Z,825,,,,,,,FALSE,,0,,,,0,,,,,,47.127641,8.192569,510,3.19,
200,2024-09-24T12:00:00Z,875,,,,,,,FALSE,,0,,,,0,,,,,,47.127641,8.192569,510,3.19,
200,2024-09-24T12:00:00Z,925,,,,,,,FALSE,,0,,,,0,,,,,,47.127641,8.192569,510,3.19,
200,2024-09-24T12:00:00Z,975,,,,,,,FALSE,,0,,,,0,,,,,,47.127641,8.192569,510,3.19,
200,2024-09-24T12:30:00Z,25,,,,,,,FALSE,,0,,,,3,,,,,,47.127641,8.192569,510,3.19,
200,2024-09-24T12:30:00Z,75,,,,,,,FALSE,,0,,,,0,,,,,,47.127641,8.192569,510,3.19,
200,2024-09-24T12:30:00Z,125,-3.2166006358291592,0.10174701686586594,,3.2182094564924846,271.8117671824963,,FALSE,,14.450187221363601,,,46,1,,,52.78318272017584,,,47.127641,8.192569,510,3.19,
200,2024-09-24T12:30:00Z,175,,,,,,,FALSE,,0,,,,1,,,,,,47.127641,8.192569,510,3.19,
200,2024-09-24T12:30:00Z,225,-3.9239499230125174,-0.7502288176247442,,3.9950251910475565,259.1761165191059,,FALSE,,11.148150029337081,,,55,2,,,14.47404110348862,,,47.127641,8.192569,510,3.19,
200,2024-09-24T12:30:00Z,275,,,,,,,FALSE,,0,,,,0,,,,,,47.127641,8.192569,510,3.19,
200,2024-09-24T12:30:00Z,325,,,,,,,FALSE,,0,,,,4,,,,,,47.127641,8.192569,510,3.19,
200,2024-09-24T12:30:00Z,375,,,,,,,FALSE,,0,,,,0,,,,,,47.127641,8.192569,510,3.19,
200,2024-09-24T12:30:00Z,425,,,,,,,FALSE,,0,,,,1,,,,,,47.127641,8.192569,510,3.19,
200,2024-09-24T12:30:00Z,475,1.5325042761465506,-1.126612116162635,,1.902057889942342,126.32126203686276,,FALSE,,2.487615725295246,,,19,1,,,24.732010862657685,,,47.127641,8.192569,510,3.19,
200,2024-09-24T12:30:00Z,525,,,,,,,FALSE,,0,,,,1,,,,,,47.127641,8.192569,510,3.19,
200,2024-09-24T12:30:00Z,575,,,,,,,FALSE,,0,,,,0,,,,,,47.127641,8.192569,510,3.19,
200,2024-09-24T12:30:00Z,625,,,,,,,FALSE,,0,,,,0,,,,,,47.127641,8.192569,510,3.19,
200,2024-09-24T12:30:00Z,675,,,,,,,FALSE,,0,,,,0,,,,,,47.127641,8.192569,510,3.19,
200,2024-09-24T12:30:00Z,725,,,,,,,FALSE,,0,,,,0,,,,,,47.127641,8.192569,510,3.19,
200,2024-09-24T12:30:00Z,775,,,,,,,FALSE,,0,,,,0,,,,,,47.127641,8.192569,510,3.19,
200,2024-09-24T12:30:00Z,825,,,,,,,FALSE,,0,,,,0,,,,,,47.127641,8.192569,510,3.19,
200,2024-09-24T12:30:00Z,875,,,,,,,FALSE,,0,,,,0,,,,,,47.127641,8.192569,510,3.19,
200,2024-09-24T12:30:00Z,925,,,,,,,FALSE,,0,,,,0,,,,,,47.127641,8.192569,510,3.19,
200,2024-09-24T12:30:00Z,975,,,,,,,FALSE,,0,,,,0,,,,,,47.127641,8.192569,510,3.19,
200,2024-09-24T13:00:00Z,25,,,,,,,FALSE,,0,,,,2,,,,,,47.127641,8.192569,510,3.19,
200,2024-09-24T13:00:00Z,75,-2.4594583473971037,0.20490233973368066,,2.4679789973599107,274.7624265566048,,FALSE,,92.72435161273897,,,27,3,,,10.444041476753386,,,47.127641,8.192569,510,3.19,
200,2024-09-24T13:00:00Z,125,-3.2166006358291592,0.10174701686586594,,3.2182094564924846,271.8117671824963,,FALSE,,20.48651272501206,,,46,1,,,52.78318272017584,,,47.127641,8.192569,510,3.19,
200,2024-09-24T13:00:00Z,175,,,,,,,FALSE,,0,,,,0,,,,,,47.127641,8.192569,510,3.19,
200,2024-09-24T13:00:00Z,225,,,,,,,FALSE,,0,,,,0,,,,,,47.127641,8.192569,510,3.19,
200,2024-09-24T13:00:00Z,275,,,,,,,FALSE,,0,,,,0,,,,,,47.127641,8.192569,510,3.19,
200,2024-09-24T13:00:00Z,325,,,,,,,FALSE,,0,,,,0,,,,,,47.127641,8.192569,510,3.19,
200,2024-09-24T13:00:00Z,375,-1.5422235814378698,-0.9270792145995527,,1.7994247539937793,238.98859693223696,,FALSE,,10.469302643342841,,,31,1,,,12.948934332778455,,,47.127641,8.192569,510,3.19,
200,2024-09-24T13:00:00Z,425,,,,,,,FALSE,,0,,,,0,,,,,,47.127641,8.192569,510,3.19,
200,2024-09-24T13:00:00Z,475,,,,,,,FALSE,,0,,,,0,,,,,,47.127641,8.192569,510,3.19,
200,2024-09-24T13:00:00Z,525,,,,,,,FALSE,,0,,,,0,,,,,,47.127641,8.192569,510,3.19,
200,2024-09-24T13:00:00Z,575,,,,,,,FALSE,,0,,,,1,,,,,,47.127641,8.192569,510,3.19,
200,2024-09-24T13:00:00Z,625,,,,,,,FALSE,,0,,,,0,,,,,,47.127641,8.192569,510,3.19,
200,2024-09-24T13:00:00Z,675,,,,,,,FALSE,,0,,,,1,,,,,,47.127641,8.192569,510,3.19,
200,2024-09-24T13:00:00Z,725,,,,,,,FALSE,,0,,,,0,,,,,,47.127641,8.192569,510,3.19,
200,2024-09-24T13:00:00Z,775,,,,,,,FALSE,,0,,,,3,,,,,,47.127641,8.192569,510,3.19,
200,2024-09-24T13:00:00Z,825,,,,,,,FALSE,,0,,,,0,,,,,,47.127641,8.192569,510,3.19,
200,2024-09-24T13:00:00Z,875,,,,,,,FALSE,,0,,,,0,,,,,,47.127641,8.192569,510,3.19,
200,2024-09-24T13:00:00Z,925,,,,,,,FALSE,,0,,,,0,,,,,,47.127641,8.192569,510,3.19,
200,2024-09-24T13:00:00Z,975,,,,,,,FALSE,,0,,,,0,,,,,,47.127641,8.192569,510,3.19,
200,2024-09-24T13:30:00Z,25,,,,,,,FALSE,,0,,,,0,,,,,,47.127641,8.192569,510,3.19,
200,2024-09-24T13:30:00Z,75,,,,,,,FALSE,,0,,,,0,,,,,,47.127641,8.192569,510,3.19,
200,2024-09-24T13:30:00Z,125,,,,,,,FALSE,,0,,,,0,,,,,,47.127641,8.192569,510,3.19,
200,2024-09-24T13:30:00Z,175,,,,,,,FALSE,,0,,,,0,,,,,,47.127641,8.192569,510,3.19,
200,2024-09-24T13:30:00Z,225,,,,,,,FALSE,,0,,,,0,,,,,,47.127641,8.192569,510,3.19,
200,2024-09-24T13:30:00Z,275,,,,,,,FALSE,,0,,,,0,,,,,,47.127641,8.192569,510,3.19,
200,2024-09-24T13:30:00Z,325,,,,,,,FALSE,,0,,,,0,,,,,,47.127641,8.192569,510,3.19,
200,2024-09-24T13:30:00Z,375,-1.5422235814378698,-0.9270792145995527,,1.7994247539937793,238.98859693223696,,FALSE,,14.475493086270447,,,31,2,,,12.948934332778455,,,47.127641,8.192569,510,3.19,
200,2024-09-24T13:30:00Z,425,-0.16670372159657568,1.8006169388647977,,1.8083173093572331,354.71055196534184,,FALSE,,2.7728132030521047,,,20,2,,,18.56904591506065,,,47.127641,8.192569,510,3.19,
200,2024-09-24T13:30:00Z,475,1.5325042761465506,-1.126612116162635,,1.902057889942342,126.32126203686276,,FALSE,,11.905862801359952,,,19,6,,,24.732010862657685,,,47.127641,8.192569,510,3.19,
200,2024-09-24T13:30:00Z,525,,,,,,,FALSE,,0,,,,0,,,,,,47.127641,8.192569,510,3.19,
200,2024-09-24T13:30:00Z,575,-0.43449013046475016,-0.5463201701730453,,0.6980310894288169,218.49533921648919,,FALSE,,2.4313504363991076,,,18,1,,,8.452448402000357,,,47.127641,8.192569,510,3.19,
200,2024-09-24T13:30:00Z,625,,,,,,,FALSE,,0,,,,0,,,,,,47.127641,8.192569,510,3.19,
200,2024-09-24T13:30:00Z,675,,,,,,,FALSE,,0,,,,2,,,,,,47.127641,8.192569,510,3.19,
200,2024-09-24T13:30:00Z,725,,,,,,,FALSE,,0,,,,1,,,,,,47.127641,8.192569,510,3.19,
200,2024-09-24T13:30:00Z,775,,,,,,,FALSE,,0,,,,0,,,,,,47.127641,8.192569,510,3.19,
200,2024-09-24T13:30:00Z,825,,,,,,,FALSE,,0,,,,0,,,,,,47.127641,8.192569,510,3.19,
200,2024-09-24T13:30:00Z,875,,,,,,,FALSE,,0,,,,0,,,,,,47.127641,8.192569,510,3.19,
200,2024-09-24T13:30:00Z,925,,,,,,,FALSE,,0,,,,0,,,,,,47.127641,8.192569,510,3.19,
200,2024-09-24T13:30:00Z,975,,,,,,,FALSE,,0,,,,0,,,,,,47.127641,8.192569,510,3.19,
200,2024-09-24T14:00:00Z,25,,,,,,,FALSE,,0,,,,0,,,,,,47.127641,8.192569,510,3.19,
200,2024-09-24T14:00:00Z,75,,,,,,,FALSE,,0,,,,0,,,,,,47.127641,8.192569,510,3.19,
200,2024-09-24T14:00:00Z,125,,,,,,,FALSE,,0,,,,0,,,,,,47.127641,8.192569,510,3.19,
200,2024-09-24T14:00:00Z,175,,,,,,,FALSE,,0,,,,0,,,,,,47.127641,8.192569,510,3.19,
200,2024-09-24T14:00:00Z,225,-3.9239499230125174,-0.7502288176247442,,3.9950251910475565,259.1761165191059,,FALSE,,12.082912513347845,,,55,2,,,14.47404110348862,,,47.127641,8.192569,510,3.19,
200,2024-09-24T14:00:00Z,275,,,,,,,FALSE,,0,,,,0,,,,,,47.127641,8.192569,510,3.19,
200,2024-09-24T14:00:00Z,325,,,,,,,FALSE,,0,,,,1,,,,,,47.127641,8.192569,510,3.19,
200,2024-09-24T14:00:00Z,375,,,,,,,FALSE,,0,,,,0,,,,,,47.127641,8.192569,510,3.19,
200,2024-09-24T14:00:00Z,425,,,,,,,FALSE,,0,,,,0,,,,,,47.127641,8.192569,510,3.19,
200,2024-09-24T14:00:00Z,475,,,,,,,FALSE,,0,,,,0,,,,,,47.127641,8.192569,510,3.19,
200,2024-09-24T14:00:00Z,525,,,,,,,FALSE,,0,,,,0,,,,,,47.127641,8.192569,510,3.19,
200,2024-09-24T14:00:00Z,575,,,,,,,FALSE,,0,,,,0,,,,,,47.127641,8.192569,510,3.19,
200,2024-09-24T14:00:00Z,625,,,,,,,FALSE,,0,,,,0,,,,,,47.127641,8.192569,510,3.19,
200,2024-09-24T14:00:00Z,675,,,,,,,FALSE,,0,,,,0,,,,,,47.127641,8.192569,510,3.19,
200,2024-09-24T14:00:00Z,725,,,,,,,FALSE,,0,,,,0,,,,,,47.127641,8.192569,510,3.19,
200,2024-09-24T14:00:00Z,775,,,,,,,FALSE,,0,,,,0,,,,,,47.127641,8.192569,510,3.19,
200,2024-09-24T14:00:00Z,825,,,,,,,FALSE,,0,,,,0,,,,,,47.127641,8.192569,510,3.19,
200,2024-09-24T14:00:00Z,875,,,,,,,FALSE,,0,,,,0,,,,,,47.127641,8.192569,510,3.19,
200,2024-09-24T14:00:00Z,925,,,,,,,FALSE,,0,,,,0,,,,,,47.127641,8.192569,510,3.19,
200,2024-09-24T14:00:00Z,975,,,,,,,FALSE,,0,,,,0,,,,,,47.127641,8.192569,510,3.19,
200,2024-09-24T14:30:00Z,25,,,,,,,FALSE,,0,,,,0,,,,,,47.127641,8.192569,510,3.19,
200,2024-09-24T14:30:00Z,75,,,,,,,FALSE,,0,,,,0,,,,,,47.127641,8.192569,510,3.19,
200,2024-09-24T14:30:00Z,125,,,,,,,FALSE,,0,,,,1,,,,,,47.127641,8.192569,510,3.19,
200,2024-09-24T14:30:00Z,175,,,,,,,FALSE,,0,,,,0,,,,,,47.127641,8.192569,510,3.19,
200,2024-09-24T14:30:00Z,225,,,,,,,FALSE,,0,,,,0,,,,,,47.127641,8.192569,510,3.19,
200,2024-09-24T14:30:00Z,275,,,,,,,FALSE,,0,,,,0,,,,,,47.127641,8.192569,510,3.19,
200,2024-09-24T14:30:00Z,325,,,,,,,FALSE,,0,,,,0,,,,,,47.127641,8.192569,510,3.19,
200,2024-09-24T14:30:00Z,375,,,,,,,FALSE,,0,,,,0,,,,,,47.127641,8.192569,510,3.19,
200,2024-09-24T14:30:00Z,425,,,,,,,FALSE,,0,,,,0,,,,,,47.127641,8.192569,510,3.19,
200,2024-09-24T14:30:00Z,475,,,,,,,FALSE,,0,,,,0,,,,,,47.127641,8.192569,510,3.19,
200,2024-09-24T14:30:00Z,525,,,,,,,FALSE,,0,,,,0,,,,,,47.127641,8.192569,510,3.19,
200,2024-09-24T14:30:00Z,575,,,,,,,FALSE,,0,,,,0,,,,,,47.127641,8.192569,510,3.19,
200,2024-09-24T14:30:00Z,625,,,,,,,FALSE,,0,,,,0,,,,,,47.127641,8.192569,510,3.19,
200,2024-09-24T14:30:00Z,675,,,,,,,FALSE,,0,,,,0,,,,,,47.127641,8.192569,510,3.19,
200,2024-09-24T14:30:00Z,725,,,,,,,FALSE,,0,,,,0,,,,,,47.127641,8.192569,510,3.19,
200,2024-09-24T14:30:00Z,775,,,,,,,FALSE,,0,,,,0,,,,,,47.127641,8.192569,510,3.19,
200,2024-09-24T14:30:00Z,825,,,,,,,FALSE,,0,,,,0,,,,,,47.127641,8.192569,510,3.19,
200,2024-09-24T14:30:00Z,875,,,,,,,FALSE,,0,,,,0,,,,,,47.127641,8.192569,510,3.19,
200,2024-09-24T14:30:00Z,925,,,,,,,FALSE,,0,,,,0,,,,,,47.127641,8.192569,510,3.19,
200,2024-09-24T14:30:00Z,975,,,,,,,FALSE,,0,,,,0,,,,,,47.127641,8.192569,510,3.19,
200,2024-09-24T15:00:00Z,25,,,,,,,FALSE,,0,,,,0,,,,,,47.127641,8.192569,510,3.19,
200,2024-09-24T15:00:00Z,75,,,,,,,FALSE,,0,,,,0,,,,,,47.127641,8.192569,510,3.19,
200,2024-09-24T15:00:00Z,125,-3.2166006358291592,0.10174701686586594,,3.2182094564924846,271.8117671824963,,FALSE,,12.775790806665992,,,46,1,,,52.78318272017584,,,47.127641,8.192569,510,3.19,
200,2024-09-24T15:00:00Z,175,,,,,,,FALSE,,0,,,,0,,,,,,47.127641,8.192569,510,3.19,
200,2024-09-24T15:00:00Z,225,,,,,,,FALSE,,0,,,,0,,,,,,47.127641,8.192569,510,3.19,
200,2024-09-24T15:00:00Z,275,,,,,,,FALSE,,0,,,,0,,,,,,47.127641,8.192569,510,3.19,
200,2024-09-24T15:00:00Z,325,,,,,,,FALSE,,0,,,,1,,,,,,47.127641,8.192569,510,3.19,
200,2024-09-24T15:00:00Z,375,-1.5422235814378698,-0.9270792145995527,,1.7994247539937793,238.98859693223696,,FALSE,,3.4099864339237467,,,31,4,,,12.948934332778455,,,47.127641,8.192569,510,3.19,
200,2024-09-24T15:00:00Z,425,-0.16670372159657568,1.8006169388647977,,1.8083173093572331,354.71055196534184,,FALSE,,4.032297887083516,,,20,4,,,18.56904591506065,,,47.127641,8.192569,510,3.19,
200,2024-09-24T15:00:00Z,475,1.5325042761465506,-1.126612116162635,,1.902057889942342,126.32126203686276,,FALSE,,5.067211569203871,,,19,2,,,24.732010862657685,,,47.127641,8.192569,510,3.19,
200,2024-09-24T15:00:00Z,525,,,,,,,FALSE,,0,,,,0,,,,,,47.127641,8.192569,510,3.19,
200,2024-09-24T15:00:00Z,575,,,,,,,FALSE,,0,,,,0,,,,,,47.127641,8.192569,510,3.19,
200,2024-09-24T15:00:00Z,625,,,,,,,FALSE,,0,,,,0,,,,,,47.127641,8.192569,510,3.19,
200,2024-09-24T15:00:00Z,675,,,,,,,FALSE,,0,,,,0,,,,,,47.127641,8.192569,510,3.19,
200,2024-09-24T15:00:00Z,725,,,,,,,FALSE,,0,,,,0,,,,,,47.127641,8.192569,510,3.19,
200,2024-09-24T15:00:00Z,775,,,,,,,FALSE,,0,,,,0,,,,,,47.127641,8.192569,510,3.19,
200,2024-09-24T15:00:00Z,825,,,,,,,FALSE,,0,,,,0,,,,,,47.127641,8.192569,510,3.19,
200,2024-09-24T15:00:00Z,875,,,,,,,FALSE,,0,,,,0,,,,,,47.127641,8.192569,510,3.19,
200,2024-09-24T15:00:00Z,925,,,,,,,FALSE,,0,,,,0,,,,,,47.127641,8.192569,510,3.19,
200,2024-09-24T15:00:00Z,975,,,,,,,FALSE,,0,,,,0,,,,,,47.127641,8.192569,510,3.19,
200,2024-09-24T15:30:00Z,25,-3.262106239388309,1.1023153654695756,,3.443317627231978,288.6708939395417,,FALSE,,56.20178328685739,,,6,1,,,3.966499755026332,,,47.127641,8.192569,510,3.19,
200,2024-09-24T15:30:00Z,75,,,,,,,FALSE,,0,,,,0,,,,,,47.127641,8.192569,510,3.19,
200,2024-09-24T15:30:00Z,125,,,,,,,FALSE,,0,,,,0,,,,,,47.127641,8.192569,510,3.19,
200,2024-09-24T15:30:00Z,175,-1.4189715257532878,-1.1470297837709416,,1.8245979052263066,231.04955690382096,,FALSE,,11.200581933775524,,,48,1,,,23.937831015005788,,,47.127641,8.192569,510,3.19,
200,2024-09-24T15:30:00Z,225,-3.9239499230125174,-0.7502288176247442,,3.9950251910475565,259.1761165191059,,FALSE,,7.122090932610737,,,55,1,,,14.47404110348862,,,47.127641,8.192569,510,3.19,
200,2024-09-24T15:30:00Z,275,,,,,,,FALSE,,0,,,,0,,,,,,47.127641,8.192569,510,3.19,
200,2024-09-24T15:30:00Z,325,,,,,,,FALSE,,0,,,,0,,,,,,47.127641,8.192569,510,3.19,
200,2024-09-24T15:30:00Z,375,,,,,,,FALSE,,0,,,,0,,,,,,47.127641,8.192569,510,3.19,
200,2024-09-24T15:30:00Z,425,,,,,,,FALSE,,0,,,,0,,,,,,47.127641,8.192569,510,3.19,
200,2024-09-24T15:30:00Z,475,,,,,,,FALSE,,0,,,,0,,,,,,47.127641,8.192569,510,3.19,
200,2024-09-24T15:30:00Z,525,,,,,,,FALSE,,0,,,,0,,,,,,47.127641,8.192569,510,3.19,
200,2024-09-24T15:30:00Z,575,,,,,,,FALSE,,0,,,,0,,,,,,47.127641,8.192569,510,3.19,
200,2024-09-24T15:30:00Z,625,,,,,,,FALSE,,0,,,,0,,,,,,47.127641,8.192569,510,3.19,
200,2024-09-24T15:30:00Z,675,,,,,,,FALSE,,0,,,,0,,,,,,47.127641,8.192569,510,3.19,
200,2024-09-24T15:30:00Z,725,,,,,,,FALSE,,0,,,,0,,,,,,47.127641,8.192569,510,3.19,
200,2024-09-24T15:30:00Z,775,,,,,,,FALSE,,0,,,,0,,,,,,47.127641,8.192569,510,3.19,
200,2024-09-24T15:30:00Z,825,,,,,,,FALSE,,0,,,,0,,,,,,47.127641,8.192569,510,3.19,
200,2024-09-24T15:30:00Z,875,,,,,,,FALSE,,0,,,,0,,,,,,47.127641,8.192569,510,3.19,
200,2024-09-24T15:30:00Z,925,,,,,,,FALSE,,0,,,,0,,,,,,47.127641,8.192569,510,3.19,
200,2024-09-24T15:30:00Z,975,,,,,,,FALSE,,0,,,,0,,,,,,47.127641,8.192569,510,3.19,
200,2024-09-24T16:00:00Z,25,,,,,,,FALSE,,0,,,,0,,,,,,47.127641,8.192569,510,3.19,
200,2024-09-24T16:00:00Z,75,-2.4594583473971037,0.20490233973368066,,2.4679789973599107,274.7624265566048,,FALSE,,41.08269316683062,,,27,1,,,10.444041476753386,,,47.127641,8.192569,510,3.19,
200,2024-09-24T16:00:00Z,125,,,,,,,FALSE,,0,,,,0,,,,,,47.127641,8.192569,510,3.19,
200,2024-09-24T16:00:00Z,175,,,,,,,FALSE,,0,,,,0,,,,,,47.127641,8.192569,510,3.19,
200,2024-09-24T16:00:00Z,225,,,,,,,FALSE,,0,,,,0,,,,,,47.127641,8.192569,510,3.19,
200,2024-09-24T16:00:00Z,275,,,,,,,FALSE,,0,,,,0,,,,,,47.127641,8.192569,510,3.19,
200,2024-09-24T16:00:00Z,325,,,,,,,FALSE,,0,,,,0,,,,,,47.127641,8.192569,510,3.19,
200,2024-09-24T16:00:00Z,375,,,,,,,FALSE,,0,,,,0,,,,,,47.127641,8.192569,510,3.19,
200,2024-09-24T16:00:00Z,425,,,,,,,FALSE,,0,,,,0,,,,,,47.127641,8.192569,510,3.19,
200,2024-09-24T16:00:00Z,475,,,,,,,FALSE,,0,,,,0,,,,,,47.127641,8.192569,510,3.19,
200,2024-09-24T16:00:00Z,525,,,,,,,FALSE,,0,,,,0,,,,,,47.127641,8.192569,510,3.19,
200,2024-09-24T16:00:00Z,575,,,,,,,FALSE,,0,,,,0,,,,,,47.127641,8.192569,510,3.19,
200,2024-09-24T16:00:00Z,625,,,,,,,FALSE,,0,,,,0,,,,,,47.127641,8.192569,510,3.19,
200,2024-09-24T16:00:00Z,675,,,,,,,FALSE,,0,,,,0,,,,,,47.127641,8.192569,510,3.19,
200,2024-09-24T16:00:00Z,725,,,,,,,FALSE,,0,,,,0,,,,,,47.127641,8.192569,510,3.19,
200,2024-09-24T16:00:00Z,775,,,,,,,FALSE,,0,,,,0,,,,,,47.127641,8.192569,510,3.19,
200,2024-09-24T16:00:00Z,825,,,,,,,FALSE,,0,,,,0,,,,,,47.127641,8.192569,510,3.19,
200,2024-09-24T16:00:00Z,875,,,,,,,FALSE,,0,,,,0,,,,,,47.127641,8.192569,510,3.19,
200,2024-09-24T16:00:00Z,925,,,,,,,FALSE,,0,,,,0,,,,,,47.127641,8.192569,510,3.19,
200,2024-09-24T16:00:00Z,975,,,,,,,FALSE,,0,,,,0,,,,,,47.127641,8.192569,510,3.19,
200,2024-09-24T16:30:00Z,25,,,,,,,FALSE,,0,,,,0,,,,,,47.127641,8.192569,510,3.19,
200,2024-09-24T16:30:00Z,75,,,,,,,FALSE,,0,,,,1,,,,,,47.127641,8.192569,510,3.19,
200,2024-09-24T16:30:00Z,125,,,,,,,FALSE,,0,,,,0,,,,,,47.127641,8.192569,510,3.19,
200,2024-09-24T16:30:00Z,175,-1.4189715257532878,-1.1470297837709416,,1.8245979052263066,231.04955690382096,,FALSE,,16.839325685290856,,,48,1,,,23.937831015005788,,,47.127641,8.192569,510,3.19,
200,2024-09-24T16:30:00Z,225,,,,,,,FALSE,,0,,,,0,,,,,,47.127641,8.192569,510,3.19,
200,2024-09-24T16:30:00Z,275,,,,,,,FALSE,,0,,,,0,,,,,,47.127641,8.192569,510,3.19,
200,2024-09-24T16:30:00Z,325,,,,,,,FALSE,,0,,,,0,,,,,,47.127641,8.192569,510,3.19,
200,2024-09-24T16:30:00Z,375,,,,,,,FALSE,,0,,,,0,,,,,,47.127641,8.192569,510,3.19,
200,2024-09-24T16:30:00Z,425,,,,,,,FALSE,,0,,,,0,,,,,,47.127641,8.192569,510,3.19,
200,2024-09-24T16:30:00Z,475,,,,,,,FALSE,,0,,,,0,,,,,,47.127641,8.192569,510,3.19,
200,2024-09-24T16:30:00Z,525,,,,,,,FALSE,,0,,,,0,,,,,,47.127641,8.192569,510,3.19,
200,2024-09-24T16:30:00Z,575,,,,,,,FALSE,,0,,,,0,,,,,,47.127641,8.192569,510,3.19,
200,2024-09-24T16:30:00Z,625,,,,,,,FALSE,,0,,,,0,,,,,,47.127641,8.192569,510,3.19,
200,2024-09-24T16:30:00Z,675,,,,,,,FALSE,,0,,,,0,,,,,,47.127641,8.192569,510,3.19,
200,2024-09-24T16:30:00Z,725,,,,,,,FALSE,,0,,,,0,,,,,,47.127641,8.192569,510,3.19,
200,2024-09-24T16:30:00Z,775,,,,,,,FALSE,,0,,,,0,,,,,,47.127641,8.192569,510,3.19,
200,2024-09-24T16:30:00Z,825,,,,,,,FALSE,,0,,,,0,,,,,,47.127641,8.192569,510,3.19,
200,2024-09-24T16:30:00Z,875,,,,,,,FALSE,,0,,,,0,,,,,,47.127641,8.192569,510,3.19,
200,2024-09-24T16:30:00Z,925,,,,,,,FALSE,,0,,,,0,,,,,,47.127641,8.192569,510,3.19,
200,2024-09-24T16:30:00Z,975,,,,,,,FALSE,,0,,,,0,,,,,,47.127641,8.192569,510,3.19,
200,2024-09-24T17:00:00Z,25,,,,,,,FALSE,,0,,,,1,,,,,,47.127641,8.192569,510,3.19,
200,2024-09-24T17:00:00Z,75,-2.4594583473971037,0.20490233973368066,,2.4679789973599107,274.7624265566048,,FALSE,,64.89721831076933,,,27,2,,,10.444041476753386,,,47.127641,8.192569,510,3.19,
200,2024-09-24T17:00:00Z,125,,,,,,,FALSE,,0,,,,0,,,,,,47.127641,8.192569,510,3.19,
200,2024-09-24T17:00:00Z,175,,,,,,,FALSE,,0,,,,0,,,,,,47.127641,8.192569,510,3.19,
200,2024-09-24T17:00:00Z,225,,,,,,,FALSE,,0,,,,0,,,,,,47.127641,8.192569,510,3.19,
200,2024-09-24T17:00:00Z,275,,,,,,,FALSE,,0,,,,0,,,,,,47.127641,8.192569,510,3.19,
200,2024-09-24T17:00:00Z,325,,,,,,,FALSE,,0,,,,0,,,,,,47.127641,8.192569,510,3.19,
200,2024-09-24T17:00:00Z,375,,,,,,,FALSE,,0,,,,0,,,,,,47.127641,8.192569,510,3.19,
200,2024-09-24T17:00:00Z,425,,,,,,,FALSE,,0,,,,0,,,,,,47.127641,8.192569,510,3.19,
200,2024-09-24T17:00:00Z,475,,,,,,,FALSE,,0,,,,0,,,,,,47.127641,8.192569,510,3.19,
200,2024-09-24T17:00:00Z,525,,,,,,,FALSE,,0,,,,0,,,,,,47.127641,8.192569,510,3.19,
200,2024-09-24T17:00:00Z,575,,,,,,,FALSE,,0,,,,0,,,,,,47.127641,8.192569,510,3.19,
200,2024-09-24T17:00:00Z,625,,,,,,,FALSE,,0,,,,0,,,,,,47.127641,8.192569,510,3.19,
200,2024-09-24T17:00:00Z,675,,,,,,,FALSE,,0,,,,0,,,,,,47.127641,8.192569,510,3.19,
200,2024-09-24T17:00:00Z,725,,,,,,,FALSE,,0,,,,0,,,,,,47.127641,8.192569,510,3.19,
200,2024-09-24T17:00:00Z,775,,,,,,,FALSE,,0,,,,0,,,,,,47.127641,8.192569,510,3.19,
200,2024-09-24T17:00:00Z,825,,,,,,,FALSE,,0,,,,0,,,,,,47.127641,8.192569,510,3.19,
200,2024-09-24T17:00:00Z,875,,,,,,,FALSE,,0,,,,0,,,,,,47.127641,8.192569,510,3.19,
200,2024-09-24T17:00:00Z,925,,,,,,,FALSE,,0,,,,0,,,,,,47.127641,8.192569,510,3.19,
200,2024-09-24T17:00:00Z,975,,,,,,,FALSE,,0,,,,0,,,,,,47.127641,8.192569,510,3.19,
200,2024-09-24T17:30:00Z,25,,,,,,,FALSE,,0,,,,0,,,,,,47.127641,8.192569,510,3.19,
200,2024-09-24T17:30:00Z,75,,,,,,,FALSE,,0,,,,0,,,,,,47.127641,8.192569,510,3.19,
200,2024-09-24T17:30:00Z,125,,,,,,,FALSE,,0,,,,2,,,,,,47.127641,8.192569,510,3.19,
200,2024-09-24T17:30:00Z,175,-1.4189715257532878,-1.1470297837709416,,1.8245979052263066,231.04955690382096,,FALSE,,22.98987855357777,,,48,2,,,23.937831015005788,,,47.127641,8.192569,510,3.19,
200,2024-09-24T17:30:00Z,225,,,,,,,FALSE,,0,,,,0,,,,,,47.127641,8.192569,510,3.19,
200,2024-09-24T17:30:00Z,275,-3.3211491843452117,-0.7072506061196873,,3.3956200206344542,257.97823763434394,,FALSE,,3.140623480570499,,,50,1,,,10.604931284990576,,,47.127641,8.192569,510,3.19,
200,2024-09-24T17:30:00Z,325,-0.8590547786851839,0.675538782789876,,1.0928530367048799,308.1806081362098,,FALSE,,3.349845269782744,,,36,1,,,9.222667825974101,,,47.127641,8.192569,510,3.19,
200,2024-09-24T17:30:00Z,375,,,,,,,FALSE,,0,,,,1,,,,,,47.127641,8.192569,510,3.19,
200,2024-09-24T17:30:00Z,425,,,,,,,FALSE,,0,,,,0,,,,,,47.127641,8.192569,510,3.19,
200,2024-09-24T17:30:00Z,475,1.5325042761465506,-1.126612116162635,,1.902057889942342,126.32126203686276,,FALSE,,2.7707594475496893,,,19,1,,,24.732010862657685,,,47.127641,8.192569,510,3.19,
200,2024-09-24T17:30:00Z,525,,,,,,,FALSE,,0,,,,0,,,,,,47.127641,8.192569,510,3.19,
200,2024-09-24T17:30:00Z,575,,,,,,,FALSE,,0,,,,0,,,,,,47.127641,8.192569,510,3.19,
200,2024-09-24T17:30:00Z,625,,,,,,,FALSE,,0,,,,0,,,,,,47.127641,8.192569,510,3.19,
200,2024-09-24T17:30:00Z,675,,,,,,,FALSE,,0,,,,0,,,,,,47.127641,8.192569,510,3.19,
200,2024-09-24T17:30:00Z,725,,,,,,,FALSE,,0,,,,0,,,,,,47.127641,8.192569,510,3.19,
200,2024-09-24T17:30:00Z,775,,,,,,,FALSE,,0,,,,0,,,,,,47.127641,8.192569,510,3.19,
200,2024-09-24T17:30:00Z,825,,,,,,,FALSE,,0,,,,0,,,,,,47.127641,8.192569,510,3.19,
200,2024-09-24T17:30:00Z,875,,,,,,,FALSE,,0,,,,0,,,,,,47.127641,8.192569,510,3.19,
200,2024-09-24T17:30:00Z,925,,,,,,,FALSE,,0,,,,0,,,,,,47.127641,8.192569,510,3.19,
200,2024-09-24T17:30:00Z,975,,,,,,,FALSE,,0,,,,0,,,,,,47.127641,8.192569,510,3.19,
200,2024-09-24T18:00:00Z,25,,,,,,,FALSE,,0,,,,0,,,,,,47.127641,8.192569,510,3.19,
200,2024-09-24T18:00:00Z,75,,,,,,,FALSE,,0,,,,2,,,,,,47.127641,8.192569,510,3.19,
200,2024-09-24T18:00:00Z,125,-3.2166006358291592,0.10174701686586594,,3.2182094564924846,271.8117671824963,,FALSE,,32.87216110496907,,,46,3,,,52.78318272017584,,,47.127641,8.192569,510,3.19,
200,2024-09-24T18:00:00Z,175,-1.4189715257532878,-1.1470297837709416,,1.8245979052263066,231.04955690382096,,FALSE,,13.710843769650284,,,48,2,,,23.937831015005788,,,47.127641,8.192569,510,3.19,
200,2024-09-24T18:00:00Z,225,,,,,,,FALSE,,0,,,,2,,,,,,47.127641,8.192569,510,3.19,
200,2024-09-24T18:00:00Z,275,-3.3211491843452117,-0.7072506061196873,,3.3956200206344542,257.97823763434394,,FALSE,,28.82742125822417,,,50,4,,,10.604931284990576,,,47.127641,8.192569,510,3.19,
200,2024-09-24T18:00:00Z,325,,,,,,,FALSE,,0,,,,1,,,,,,47.127641,8.192569,510,3.19,
200,2024-09-24T18:00:00Z,375,-1.5422235814378698,-0.9270792145995527,,1.7994247539937793,238.98859693223696,,FALSE,,13.7306974104178,,,31,6,,,12.948934332778455,,,47.127641,8.192569,510,3.19,
200,2024-09-24T18:00:00Z,425,-0.16670372159657568,1.8006169388647977,,1.8083173093572331,354.71055196534184,,FALSE,,7.168206491308909,,,20,1,,,18.56904591506065,,,47.127641,8.192569,510,3.19,
200,2024-09-24T18:00:00Z,475,1.5325042761465506,-1.126612116162635,,1.902057889942342,126.32126203686276,,FALSE,,14.587185917831881,,,19,3,,,24.732010862657685,,,47.127641,8.192569,510,3.19,
200,2024-09-24T18:00:00Z,525,,,,,,,FALSE,,0,,,,0,,,,,,47.127641,8.192569,510,3.19,
200,2024-09-24T18:00:00Z,575,,,,,,,FALSE,,0,,,,2,,,,,,47.127641,8.192569,510,3.19,
200,2024-09-24T18:00:00Z,625,2.018860730221364,-2.203568030381321,,2.988563319146602,137.50476839122052,,FALSE,,12.658237266076934,,,9,4,,,12.174835650847916,,,47.127641,8.192569,510,3.19,
200,2024-09-24T18:00:00Z,675,,,,,,,FALSE,,0,,,,1,,,,,,47.127641,8.192569,510,3.19,
200,2024-09-24T18:00:00Z,725,9.403093267221932,-5.140266536403596,,10.716366131172686,118.66352965291468,,FALSE,,7.144041174863306,,,6,4,,,35.832119906615866,,,47.127641,8.192569,510,3.19,
200,2024-09-24T18:00:00Z,775,,,,,,,FALSE,,0,,,,1,,,,,,47.127641,8.192569,510,3.19,
200,2024-09-24T18:00:00Z,825,,,,,,,FALSE,,0,,,,0,,,,,,47.127641,8.192569,510,3.19,
200,2024-09-24T18:00:00Z,875,,,,,,,FALSE,,0,,,,0,,,,,,47.127641,8.192569,510,3.19,
200,2024-09-24T18:00:00Z,925,,,,,,,FALSE,,0,,,,0,,,,,,47.127641,8.192569,510,3.19,
200,2024-09-24T18:00:00Z,975,,,,,,,FALSE,,0,,,,0,,,,,,47.127641,8.192569,510,3.19,
200,2024-09-24T18:30:00Z,25,,,,,,,FALSE,,0,,,,0,,,,,,47.127641,8.192569,510,3.19,
200,2024-09-24T18:30:00Z,75,,,,,,,FALSE,,0,,,,0,,,,,,47.127641,8.192569,510,3.19,
200,2024-09-24T18:30:00Z,125,,,,,,,FALSE,,0,,,,0,,,,,,47.127641,8.192569,510,3.19,
200,2024-09-24T18:30:00Z,175,,,,,,,FALSE,,0,,,,0,,,,,,47.127641,8.192569,510,3.19,
200,2024-09-24T18:30:00Z,225,,,,,,,FALSE,,0,,,,0,,,,,,47.127641,8.192569,510,3.19,
200,2024-09-24T18:30:00Z,275,-3.3211491843452117,-0.7072506061196873,,3.3956200206344542,257.97823763434394,,FALSE,,6.722997459861602,,,50,1,,,10.604931284990576,,,47.127641,8.192569,510,3.19,
200,2024-09-24T18:30:00Z,325,-0.8590547786851839,0.675538782789876,,1.0928530367048799,308.1806081362098,,FALSE,,4.893977870516077,,,36,1,,,9.222667825974101,,,47.127641,8.192569,510,3.19,
200,2024-09-24T18:30:00Z,375,-1.5422235814378698,-0.9270792145995527,,1.7994247539937793,238.98859693223696,,FALSE,,21.47563709284088,,,31,4,,,12.948934332778455,,,47.127641,8.192569,510,3.19,
200,2024-09-24T18:30:00Z,425,-0.16670372159657568,1.8006169388647977,,1.8083173093572331,354.71055196534184,,FALSE,,11.677195336433961,,,20,4,,,18.56904591506065,,,47.127641,8.192569,510,3.19,
200,2024-09-24T18:30:00Z,475,1.5325042761465506,-1.126612116162635,,1.902057889942342,126.32126203686276,,FALSE,,2.9770722673158105,,,19,2,,,24.732010862657685,,,47.127641,8.192569,510,3.19,
200,2024-09-24T18:30:00Z,525,-2.0933349078322965,-3.6560031900208583,,4.212886227017286,209.79436041538293,,FALSE,,3.953781915213311,,,16,2,,,8.274057520347764,,,47.127641,8.192569,510,3.19,
200,2024-09-24T18:30:00Z,575,-0.43449013046475016,-0.5463201701730453,,0.6980310894288169,218.49533921648919,,FALSE,,16.896916255856834,,,18,4,,,8.452448402000357,,,47.127641,8.192569,510,3.19,
200,2024-09-24T18:30:00Z,625,,,,,,,FALSE,,0,,,,3,,,,,,47.127641,8.192569,510,3.19,
200,2024-09-24T18:30:00Z,675,,,,,,,FALSE,,0,,,,1,,,,,,47.127641,8.192569,510,3.19,
200,2024-09-24T18:30:00Z,725,9.403093267221932,-5.140266536403596,,10.716366131172686,118.66352965291468,,FALSE,,5.073154582813792,,,6,2,,,35.832119906615866,,,47.127641,8.192569,510,3.19,
200,2024-09-24T18:30:00Z,775,,,,,,,FALSE,,0,,,,1,,,,,,47.127641,8.192569,510,3.19,
200,2024-09-24T18:30:00Z,825,,,,,,,FALSE,,0,,,,1,,,,,,47.127641,8.192569,510,3.19,
200,2024-09-24T18:30:00Z,875,20.030727634019343,2.1382698554580446,,20.144533936604905,83.90678013794181,,FALSE,,4.540580544603792,,,5,3,,,33.59340908358579,,,47.127641,8.192569,510,3.19,
200,2024-09-24T18:30:00Z,925,-0.40165503904022404,-12.295541372368016,,12.3021,181.87099999999995,,FALSE,,3.7428708759839,,,1,2,,,15.096552702143123,,,47.127641,8.192569,510,3.19,
200,2024-09-24T18:30:00Z,975,,,,,,,FALSE,,0,,,,0,,,,,,47.127641,8.192569,510,3.19,
200,2024-09-24T19:00:00Z,25,-3.262106239388309,1.1023153654695756,,3.443317627231978,288.6708939395417,,FALSE,,72.68233786335823,,,6,1,,,3.966499755026332,,,47.127641,8.192569,510,3.19,
200,2024-09-24T19:00:00Z,75,-2.4594583473971037,0.20490233973368066,,2.4679789973599107,274.7624265566048,,FALSE,,34.98277520865627,,,27,1,,,10.444041476753386,,,47.127641,8.192569,510,3.19,
200,2024-09-24T19:00:00Z,125,-3.2166006358291592,0.10174701686586594,,3.2182094564924846,271.8117671824963,,FALSE,,45.15848855278841,,,46,4,,,52.78318272017584,,,47.127641,8.192569,510,3.19,
200,2024-09-24T19:00:00Z,175,-1.4189715257532878,-1.1470297837709416,,1.8245979052263066,231.04955690382096,,FALSE,,11.540158612343427,,,48,1,,,23.937831015005788,,,47.127641,8.192569,510,3.19,
200,2024-09-24T19:00:00Z,225,-3.9239499230125174,-0.7502288176247442,,3.9950251910475565,259.1761165191059,,FALSE,,6.179639321095239,,,55,1,,,14.47404110348862,,,47.127641,8.192569,510,3.19,
200,2024-09-24T19:00:00Z,275,-3.3211491843452117,-0.7072506061196873,,3.3956200206344542,257.97823763434394,,FALSE,,13.828826897262495,,,50,2,,,10.604931284990576,,,47.127641,8.192569,510,3.19,
200,2024-09-24T19:00:00Z,325,-0.8590547786851839,0.675538782789876,,1.0928530367048799,308.1806081362098,,FALSE,,4.865997771550621,,,36,1,,,9.222667825974101,,,47.127641,8.192569,510,3.19,
200,2024-09-24T19:00:00Z,375,-1.5422235814378698,-0.9270792145995527,,1.7994247539937793,238.98859693223696,,FALSE,,2.941192763722552,,,31,1,,,12.948934332778455,,,47.127641,8.192569,510,3.19,
200,2024-09-24T19:00:00Z,425,,,,,,,FALSE,,0,,,,0,,,,,,47.127641,8.192569,510,3.19,
200,2024-09-24T19:00:00Z,475,1.5325042761465506,-1.126612116162635,,1.902057889942342,126.32126203686276,,FALSE,,7.515162795578165,,,19,4,,,24.732010862657685,,,47.127641,8.192569,510,3.19,
200,2024-09-24T19:00:00Z,525,-2.0933349078322965,-3.6560031900208583,,4.212886227017286,209.79436041538293,,FALSE,,5.999481953316093,,,16,2,,,8.274057520347764,,,47.127641,8.192569,510,3.19,
200,2024-09-24T19:00:00Z,575,,,,,,,FALSE,,0,,,,2,,,,,,47.127641,8.192569,510,3.19,
200,2024-09-24T19:00:00Z,625,2.018860730221364,-2.203568030381321,,2.988563319146602,137.50476839122052,,FALSE,,9.007337030521828,,,9,1,,,12.174835650847916,,,47.127641,8.192569,510,3.19,
200,2024-09-24T19:00:00Z,675,,,,,,,FALSE,,0,,,,0,,,,,,47.127641,8.192569,510,3.19,
200,2024-09-24T19:00:00Z,725,,,,,,,FALSE,,0,,,,1,,,,,,47.127641,8.192569,510,3.19,
200,2024-09-24T19:00:00Z,775,,,,,,,FALSE,,0,,,,0,,,,,,47.127641,8.192569,510,3.19,
200,2024-09-24T19:00:00Z,825,,,,,,,FALSE,,0,,,,0,,,,,,47.127641,8.192569,510,3.19,
200,2024-09-24T19:00:00Z,875,20.030727634019343,2.1382698554580446,,20.144533936604905,83.90678013794181,,FALSE,,2.156993576785887,,,5,1,,,33.59340908358579,,,47.127641,8.192569,510,3.19,
200,2024-09-24T19:00:00Z,925,,,,,,,FALSE,,0,,,,0,,,,,,47.127641,8.192569,510,3.19,
200,2024-09-24T19:00:00Z,975,,,,,,,FALSE,,0,,,,1,,,,,,47.127641,8.192569,510,3.19,
200,2024-09-24T19:30:00Z,25,,,,,,,FALSE,,0,,,,0,,,,,,47.127641,8.192569,510,3.19,
200,2024-09-24T19:30:00Z,75,-2.4594583473971037,0.20490233973368066,,2.4679789973599107,274.7624265566048,,FALSE,,17.009713350743098,,,27,1,,,10.444041476753386,,,47.127641,8.192569,510,3.19,
200,2024-09-24T19:30:00Z,125,-3.2166006358291592,0.10174701686586594,,3.2182094564924846,271.8117671824963,,FALSE,,29.528885824315566,,,46,2,,,52.78318272017584,,,47.127641,8.192569,510,3.19,
200,2024-09-24T19:30:00Z,175,-1.4189715257532878,-1.1470297837709416,,1.8245979052263066,231.04955690382096,,FALSE,,6.133934974380196,,,48,1,,,23.937831015005788,,,47.127641,8.192569,510,3.19,
200,2024-09-24T19:30:00Z,225,,,,,,,FALSE,,0,,,,0,,,,,,47.127641,8.192569,510,3.19,
200,2024-09-24T19:30:00Z,275,-3.3211491843452117,-0.7072506061196873,,3.3956200206344542,257.97823763434394,,FALSE,,5.879833951810626,,,50,1,,,10.604931284990576,,,47.127641,8.192569,510,3.19,
200,2024-09-24T19:30:00Z,325,-0.8590547786851839,0.675538782789876,,1.0928530367048799,308.1806081362098,,FALSE,,16.019737192507016,,,36,3,,,9.222667825974101,,,47.127641,8.192569,510,3.19,
200,2024-09-24T19:30:00Z,375,-1.5422235814378698,-0.9270792145995527,,1.7994247539937793,238.98859693223696,,FALSE,,20.29591681589298,,,31,3,,,12.948934332778455,,,47.127641,8.192569,510,3.19,
200,2024-09-24T19:30:00Z,425,-0.16670372159657568,1.8006169388647977,,1.8083173093572331,354.71055196534184,,FALSE,,8.604258322831074,,,20,4,,,18.56904591506065,,,47.127641,8.192569,510,3.19,
200,2024-09-24T19:30:00Z,475,1.5325042761465506,-1.126612116162635,,1.902057889942342,126.32126203686276,,FALSE,,2.33467418761925,,,19,4,,,24.732010862657685,,,47.127641,8.192569,510,3.19,
200,2024-09-24T19:30:00Z,525,-2.0933349078322965,-3.6560031900208583,,4.212886227017286,209.79436041538293,,FALSE,,3.9768136528498537,,,16,2,,,8.274057520347764,,,47.127641,8.192569,510,3.19,
200,2024-09-24T19:30:00Z,575,,,,,,,FALSE,,0,,,,4,,,,,,47.127641,8.192569,510,3.19,
200,2024-09-24T19:30:00Z,625,2.018860730221364,-2.203568030381321,,2.988563319146602,137.50476839122052,,FALSE,,3.4297012304336665,,,9,1,,,12.174835650847916,,,47.127641,8.192569,510,3.19,
200,2024-09-24T19:30:00Z,675,,,,,,,FALSE,,0,,,,1,,,,,,47.127641,8.192569,510,3.19,
200,2024-09-24T19:30:00Z,725,,,,,,,FALSE,,0,,,,1,,,,,,47.127641,8.192569,510,3.19,
200,2024-09-24T19:30:00Z,775,,,,,,,FALSE,,0,,,,3,,,,,,47.127641,8.192569,510,3.19,
200,2024-09-24T19:30:00Z,825,,,,,,,FALSE,,2.269646537443213,,,0,1,,,13.260530663574368,,,47.127641,8.192569,510,3.19,
200,2024-09-24T19:30:00Z,875,,,,,,,FALSE,,0,,,,0,,,,,,47.127641,8.192569,510,3.19,
200,2024-09-24T19:30:00Z,925,,,,,,,FALSE,,0,,,,0,,,,,,47.127641,8.192569,510,3.19,
200,2024-09-24T19:30:00Z,975,,,,,,,FALSE,,0,,,,0,,,,,,47.127641,8.192569,510,3.19,
200,2024-09-24T20:00:00Z,25,,,,,,,FALSE,,0,,,,2,,,,,,47.127641,8.192569,510,3.19,
200,2024-09-24T20:00:00Z,75,,,,,,,FALSE,,0,,,,0,,,,,,47.127641,8.192569,510,3.19,
200,2024-09-24T20:00:00Z,125,,,,,,,FALSE,,0,,,,1,,,,,,47.127641,8.192569,510,3.19,
200,2024-09-24T20:00:00Z,175,,,,,,,FALSE,,0,,,,0,,,,,,47.127641,8.192569,510,3.19,
200,2024-09-24T20:00:00Z,225,,,,,,,FALSE,,0,,,,0,,,,,,47.127641,8.192569,510,3.19,
200,2024-09-24T20:00:00Z,275,-3.3211491843452117,-0.7072506061196873,,3.3956200206344542,257.97823763434394,,FALSE,,27.281765747336184,,,50,3,,,10.604931284990576,,,47.127641,8.192569,510,3.19,
200,2024-09-24T20:00:00Z,325,-0.8590547786851839,0.675538782789876,,1.0928530367048799,308.1806081362098,,FALSE,,5.061488652099564,,,36,1,,,9.222667825974101,,,47.127641,8.192569,510,3.19,
200,2024-09-24T20:00:00Z,375,-1.5422235814378698,-0.9270792145995527,,1.7994247539937793,238.98859693223696,,FALSE,,22.224553711562756,,,31,8,,,12.948934332778455,,,47.127641,8.192569,510,3.19,
200,2024-09-24T20:00:00Z,425,-0.16670372159657568,1.8006169388647977,,1.8083173093572331,354.71055196534184,,FALSE,,4.696894704882186,,,20,1,,,18.56904591506065,,,47.127641,8.192569,510,3.19,
200,2024-09-24T20:00:00Z,475,1.5325042761465506,-1.126612116162635,,1.902057889942342,126.32126203686276,,FALSE,,12.380660953905394,,,19,3,,,24.732010862657685,,,47.127641,8.192569,510,3.19,
200,2024-09-24T20:00:00Z,525,,,,,,,FALSE,,0,,,,2,,,,,,47.127641,8.192569,510,3.19,
200,2024-09-24T20:00:00Z,575,-0.43449013046475016,-0.5463201701730453,,0.6980310894288169,218.49533921648919,,FALSE,,5.6097726751793,,,18,2,,,8.452448402000357,,,47.127641,8.192569,510,3.19,
200,2024-09-24T20:00:00Z,625,,,,,,,FALSE,,0,,,,1,,,,,,47.127641,8.192569,510,3.19,
200,2024-09-24T20:00:00Z,675,,,,,,,FALSE,,0,,,,1,,,,,,47.127641,8.192569,510,3.19,
200,2024-09-24T20:00:00Z,725,,,,,,,FALSE,,0,,,,0,,,,,,47.127641,8.192569,510,3.19,
200,2024-09-24T20:00:00Z,775,3.2094561408833506,3.7335439658793708,,4.923409313210523,40.683251892794615,,FALSE,,3.0092825836244224,,,5,2,,,28.615548558068294,,,47.127641,8.192569,510,3.19,
200,2024-09-24T20:00:00Z,825,,,,,,,FALSE,,0,,,,0,,,,,,47.127641,8.192569,510,3.19,
200,2024-09-24T20:00:00Z,875,,,,,,,FALSE,,0,,,,0,,,,,,47.127641,8.192569,510,3.19,
200,2024-09-24T20:00:00Z,925,,,,,,,FALSE,,0,,,,0,,,,,,47.127641,8.192569,510,3.19,
200,2024-09-24T20:00:00Z,975,,,,,,,FALSE,,0,,,,0,,,,,,47.127641,8.192569,510,3.19,
200,2024-09-24T20:30:00Z,25,,,,,,,FALSE,,0,,,,0,,,,,,47.127641,8.192569,510,3.19,
200,2024-09-24T20:30:00Z,75,,,,,,,FALSE,,0,,,,0,,,,,,47.127641,8.192569,510,3.19,
200,2024-09-24T20:30:00Z,125,,,,,,,FALSE,,0,,,,0,,,,,,47.127641,8.192569,510,3.19,
200,2024-09-24T20:30:00Z,175,-1.4189715257532878,-1.1470297837709416,,1.8245979052263066,231.04955690382096,,FALSE,,43.18100224783439,,,48,2,,,23.937831015005788,,,47.127641,8.192569,510,3.19,
200,2024-09-24T20:30:00Z,225,-3.9239499230125174,-0.7502288176247442,,3.9950251910475565,259.1761165191059,,FALSE,,16.71070865506165,,,55,4,,,14.47404110348862,,,47.127641,8.192569,510,3.19,
200,2024-09-24T20:30:00Z,275,-3.3211491843452117,-0.7072506061196873,,3.3956200206344542,257.97823763434394,,FALSE,,6.157398520123159,,,50,2,,,10.604931284990576,,,47.127641,8.192569,510,3.19,
200,2024-09-24T20:30:00Z,325,-0.8590547786851839,0.675538782789876,,1.0928530367048799,308.1806081362098,,FALSE,,6.1273672552079015,,,36,4,,,9.222667825974101,,,47.127641,8.192569,510,3.19,
200,2024-09-24T20:30:00Z,375,-1.5422235814378698,-0.9270792145995527,,1.7994247539937793,238.98859693223696,,FALSE,,7.6395008226714305,,,31,2,,,12.948934332778455,,,47.127641,8.192569,510,3.19,
200,2024-09-24T20:30:00Z,425,,,,,,,FALSE,,0,,,,1,,,,,,47.127641,8.192569,510,3.19,
200,2024-09-24T20:30:00Z,475,1.5325042761465506,-1.126612116162635,,1.902057889942342,126.32126203686276,,FALSE,,9.888265062466688,,,19,5,,,24.732010862657685,,,47.127641,8.192569,510,3.19,
200,2024-09-24T20:30:00Z,525,-2.0933349078322965,-3.6560031900208583,,4.212886227017286,209.79436041538293,,FALSE,,22.80660723912681,,,16,4,,,8.274057520347764,,,47.127641,8.192569,510,3.19,
200,2024-09-24T20:30:00Z,575,-0.43449013046475016,-0.5463201701730453,,0.6980310894288169,218.49533921648919,,FALSE,,8.155638988608036,,,18,1,,,8.452448402000357,,,47.127641,8.192569,510,3.19,
200,2024-09-24T20:30:00Z,625,2.018860730221364,-2.203568030381321,,2.988563319146602,137.50476839122052,,FALSE,,8.291218469990142,,,9,2,,,12.174835650847916,,,47.127641,8.192569,510,3.19,
200,2024-09-24T20:30:00Z,675,6.473066186044049,6.7406714445580675,,9.345439388941934,43.8398016801387,,FALSE,,6.2398914390133635,,,4,1,,,11.507556675381775,,,47.127641,8.192569,510,3.19,
200,2024-09-24T20:30:00Z,725,,,,,,,FALSE,,0,,,,0,,,,,,47.127641,8.192569,510,3.19,
200,2024-09-24T20:30:00Z,775,,,,,,,FALSE,,0,,,,0,,,,,,47.127641,8.192569,510,3.19,
200,2024-09-24T20:30:00Z,825,,,,,,,FALSE,,0,,,,0,,,,,,47.127641,8.192569,510,3.19,
200,2024-09-24T20:30:00Z,875,,,,,,,FALSE,,0,,,,1,,,,,,47.127641,8.192569,510,3.19,
200,2024-09-24T20:30:00Z,925,,,,,,,FALSE,,0,,,,0,,,,,,47.127641,8.192569,510,3.19,
200,2024-09-24T20:30:00Z,975,,,,,,,FALSE,,0,,,,0,,,,,,47.127641,8.192569,510,3.19,
200,2024-09-24T21:00:00Z,25,-3.262106239388309,1.1023153654695756,,3.443317627231978,288.6708939395417,,FALSE,,194.06186101834527,,,6,5,,,3.966499755026332,,,47.127641,8.192569,510,3.19,
200,2024-09-24T21:00:00Z,75,,,,,,,FALSE,,0,,,,0,,,,,,47.127641,8.192569,510,3.19,
200,2024-09-24T21:00:00Z,125,-3.2166006358291592,0.10174701686586594,,3.2182094564924846,271.8117671824963,,FALSE,,16.01427091196929,,,46,1,,,52.78318272017584,,,47.127641,8.192569,510,3.19,
200,2024-09-24T21:00:00Z,175,-1.4189715257532878,-1.1470297837709416,,1.8245979052263066,231.04955690382096,,FALSE,,30.27763061616661,,,48,3,,,23.937831015005788,,,47.127641,8.192569,510,3.19,
200,2024-09-24T21:00:00Z,225,-3.9239499230125174,-0.7502288176247442,,3.9950251910475565,259.1761165191059,,FALSE,,25.850717136049617,,,55,8,,,14.47404110348862,,,47.127641,8.192569,510,3.19,
200,2024-09-24T21:00:00Z,275,-3.3211491843452117,-0.7072506061196873,,3.3956200206344542,257.97823763434394,,FALSE,,12.98949023322265,,,50,3,,,10.604931284990576,,,47.127641,8.192569,510,3.19,
200,2024-09-24T21:00:00Z,325,-0.8590547786851839,0.675538782789876,,1.0928530367048799,308.1806081362098,,FALSE,,7.51569068264069,,,36,2,,,9.222667825974101,,,47.127641,8.192569,510,3.19,
200,2024-09-24T21:00:00Z,375,-1.5422235814378698,-0.9270792145995527,,1.7994247539937793,238.98859693223696,,FALSE,,8.848038591576325,,,31,1,,,12.948934332778455,,,47.127641,8.192569,510,3.19,
200,2024-09-24T21:00:00Z,425,-0.16670372159657568,1.8006169388647977,,1.8083173093572331,354.71055196534184,,FALSE,,4.7211818061227575,,,20,1,,,18.56904591506065,,,47.127641,8.192569,510,3.19,
200,2024-09-24T21:00:00Z,475,,,,,,,FALSE,,0,,,,1,,,,,,47.127641,8.192569,510,3.19,
200,2024-09-24T21:00:00Z,525,,,,,,,FALSE,,0,,,,1,,,,,,47.127641,8.192569,510,3.19,
200,2024-09-24T21:00:00Z,575,-0.43449013046475016,-0.5463201701730453,,0.6980310894288169,218.49533921648919,,FALSE,,16.74896633280892,,,18,3,,,8.452448402000357,,,47.127641,8.192569,510,3.19,
200,2024-09-24T21:00:00Z,625,,,,,,,FALSE,,0,,,,0,,,,,,47.127641,8.192569,510,3.19,
200,2024-09-24T21:00:00Z,675,,,,,,,FALSE,,0,,,,0,,,,,,47.127641,8.192569,510,3.19,
200,2024-09-24T21:00:00Z,725,,,,,,,FALSE,,0,,,,1,,,,,,47.127641,8.192569,510,3.19,
200,2024-09-24T21:00:00Z,775,,,,,,,FALSE,,0,,,,0,,,,,,47.127641,8.192569,510,3.19,
200,2024-09-24T21:00:00Z,825,,,,,,,FALSE,,1.6756589738073735,,,0,1,,,13.260530663574368,,,47.127641,8.192569,510,3.19,
200,2024-09-24T21:00:00Z,875,,,,,,,FALSE,,0,,,,0,,,,,,47.127641,8.192569,510,3.19,
200,2024-09-24T21:00:00Z,925,,,,,,,FALSE,,0,,,,0,,,,,,47.127641,8.192569,510,3.19,
200,2024-09-24T21:00:00Z,975,,,,,,,FALSE,,0,,,,0,,,,,,47.127641,8.192569,510,3.19,
200,2024-09-24T21:30:00Z,25,,,,,,,FALSE,,0,,,,0,,,,,,47.127641,8.192569,510,3.19,
200,2024-09-24T21:30:00Z,75,,,,,,,FALSE,,0,,,,0,,,,,,47.127641,8.192569,510,3.19,
200,2024-09-24T21:30:00Z,125,-3.2166006358291592,0.10174701686586594,,3.2182094564924846,271.8117671824963,,FALSE,,15.17226128389096,,,46,1,,,52.78318272017584,,,47.127641,8.192569,510,3.19,
200,2024-09-24T21:30:00Z,175,,,,,,,FALSE,,0,,,,1,,,,,,47.127641,8.192569,510,3.19,
200,2024-09-24T21:30:00Z,225,-3.9239499230125174,-0.7502288176247442,,3.9950251910475565,259.1761165191059,,FALSE,,31.874071807932403,,,55,3,,,14.47404110348862,,,47.127641,8.192569,510,3.19,
200,2024-09-24T21:30:00Z,275,-3.3211491843452117,-0.7072506061196873,,3.3956200206344542,257.97823763434394,,FALSE,,21.501450934233077,,,50,4,,,10.604931284990576,,,47.127641,8.192569,510,3.19,
200,2024-09-24T21:30:00Z,325,,,,,,,FALSE,,0,,,,0,,,,,,47.127641,8.192569,510,3.19,
200,2024-09-24T21:30:00Z,375,-1.5422235814378698,-0.9270792145995527,,1.7994247539937793,238.98859693223696,,FALSE,,6.1621217563121515,,,31,1,,,12.948934332778455,,,47.127641,8.192569,510,3.19,
200,2024-09-24T21:30:00Z,425,-0.16670372159657568,1.8006169388647977,,1.8083173093572331,354.71055196534184,,FALSE,,8.415471797621201,,,20,2,,,18.56904591506065,,,47.127641,8.192569,510,3.19,
200,2024-09-24T21:30:00Z,475,1.5325042761465506,-1.126612116162635,,1.902057889942342,126.32126203686276,,FALSE,,8.430536400035257,,,19,2,,,24.732010862657685,,,47.127641,8.192569,510,3.19,
200,2024-09-24T21:30:00Z,525,-2.0933349078322965,-3.6560031900208583,,4.212886227017286,209.79436041538293,,FALSE,,18.179633447420827,,,16,2,,,8.274057520347764,,,47.127641,8.192569,510,3.19,
200,2024-09-24T21:30:00Z,575,,,,,,,FALSE,,0,,,,0,,,,,,47.127641,8.192569,510,3.19,
200,2024-09-24T21:30:00Z,625,2.018860730221364,-2.203568030381321,,2.988563319146602,137.50476839122052,,FALSE,,6.475406443078545,,,9,1,,,12.174835650847916,,,47.127641,8.192569,510,3.19,
200,2024-09-24T21:30:00Z,675,,,,,,,FALSE,,0,,,,0,,,,,,47.127641,8.192569,510,3.19,
200,2024-09-24T21:30:00Z,725,,,,,,,FALSE,,0,,,,0,,,,,,47.127641,8.192569,510,3.19,
200,2024-09-24T21:30:00Z,775,3.2094561408833506,3.7335439658793708,,4.923409313210523,40.683251892794615,,FALSE,,3.071989024745912,,,5,1,,,28.615548558068294,,,47.127641,8.192569,510,3.19,
200,2024-09-24T21:30:00Z,825,,,,,,,FALSE,,0,,,,0,,,,,,47.127641,8.192569,510,3.19,
200,2024-09-24T21:30:00Z,875,20.030727634019343,2.1382698554580446,,20.144533936604905,83.90678013794181,,FALSE,,3.4631502864309374,,,5,1,,,33.59340908358579,,,47.127641,8.192569,510,3.19,
200,2024-09-24T21:30:00Z,925,,,,,,,FALSE,,0,,,,0,,,,,,47.127641,8.192569,510,3.19,
200,2024-09-24T21:30:00Z,975,,,,,,,FALSE,,0,,,,0,,,,,,47.127641,8.192569,510,3.19,
200,2024-09-24T22:00:00Z,25,-3.262106239388309,1.1023153654695756,,3.443317627231978,288.6708939395417,,FALSE,,206.83441732765255,,,6,5,,,3.966499755026332,,,47.127641,8.192569,510,3.19,
200,2024-09-24T22:00:00Z,75,-2.4594583473971037,0.20490233973368066,,2.4679789973599107,274.7624265566048,,FALSE,,72.45590084719387,,,27,3,,,10.444041476753386,,,47.127641,8.192569,510,3.19,
200,2024-09-24T22:00:00Z,125,-3.2166006358291592,0.10174701686586594,,3.2182094564924846,271.8117671824963,,FALSE,,39.35576654797437,,,46,4,,,52.78318272017584,,,47.127641,8.192569,510,3.19,
200,2024-09-24T22:00:00Z,175,-1.4189715257532878,-1.1470297837709416,,1.8245979052263066,231.04955690382096,,FALSE,,15.193377613453046,,,48,1,,,23.937831015005788,,,47.127641,8.192569,510,3.19,
200,2024-09-24T22:00:00Z,225,-3.9239499230125174,-0.7502288176247442,,3.9950251910475565,259.1761165191059,,FALSE,,59.39031388545142,,,55,6,,,14.47404110348862,,,47.127641,8.192569,510,3.19,
200,2024-09-24T22:00:00Z,275,-3.3211491843452117,-0.7072506061196873,,3.3956200206344542,257.97823763434394,,FALSE,,42.82538020520168,,,50,6,,,10.604931284990576,,,47.127641,8.192569,510,3.19,
200,2024-09-24T22:00:00Z,325,-0.8590547786851839,0.675538782789876,,1.0928530367048799,308.1806081362098,,FALSE,,16.419485828539212,,,36,3,,,9.222667825974101,,,47.127641,8.192569,510,3.19,
200,2024-09-24T22:00:00Z,375,-1.5422235814378698,-0.9270792145995527,,1.7994247539937793,238.98859693223696,,FALSE,,12.982121682546417,,,31,3,,,12.948934332778455,,,47.127641,8.192569,510,3.19,
200,2024-09-24T22:00:00Z,425,-0.16670372159657568,1.8006169388647977,,1.8083173093572331,354.71055196534184,,FALSE,,11.140316469182281,,,20,4,,,18.56904591506065,,,47.127641,8.192569,510,3.19,
200,2024-09-24T22:00:00Z,475,,,,,,,FALSE,,0,,,,1,,,,,,47.127641,8.192569,510,3.19,
200,2024-09-24T22:00:00Z,525,,,,,,,FALSE,,0,,,,0,,,,,,47.127641,8.192569,510,3.19,
200,2024-09-24T22:00:00Z,575,-0.43449013046475016,-0.5463201701730453,,0.6980310894288169,218.49533921648919,,FALSE,,2.89265051973173,,,18,1,,,8.452448402000357,,,47.127641,8.192569,510,3.19,
200,2024-09-24T22:00:00Z,625,2.018860730221364,-2.203568030381321,,2.988563319146602,137.50476839122052,,FALSE,,6.9013393462637005,,,9,1,,,12.174835650847916,,,47.127641,8.192569,510,3.19,
200,2024-09-24T22:00:00Z,675,,,,,,,FALSE,,0,,,,0,,,,,,47.127641,8.192569,510,3.19,
200,2024-09-24T22:00:00Z,725,,,,,,,FALSE,,0,,,,0,,,,,,47.127641,8.192569,510,3.19,
200,2024-09-24T22:00:00Z,775,,,,,,,FALSE,,0,,,,0,,,,,,47.127641,8.192569,510,3.19,
200,2024-09-24T22:00:00Z,825,,,,,,,FALSE,,0,,,,0,,,,,,47.127641,8.192569,510,3.19,
200,2024-09-24T22:00:00Z,875,,,,,,,FALSE,,0,,,,0,,,,,,47.127641,8.192569,510,3.19,
200,2024-09-24T22:00:00Z,925,,,,,,,FALSE,,0,,,,0,,,,,,47.127641,8.192569,510,3.19,
200,2024-09-24T22:00:00Z,975,,,,,,,FALSE,,0,,,,0,,,,,,47.127641,8.192569,510,3.19,
200,2024-09-24T22:30:00Z,25,,,,,,,FALSE,,0,,,,1,,,,,,47.127641,8.192569,510,3.19,
200,2024-09-24T22:30:00Z,75,-2.4594583473971037,0.20490233973368066,,2.4679789973599107,274.7624265566048,,FALSE,,69.64852342413357,,,27,2,,,10.444041476753386,,,47.127641,8.192569,510,3.19,
200,2024-09-24T22:30:00Z,125,,,,,,,FALSE,,0,,,,0,,,,,,47.127641,8.192569,510,3.19,
200,2024-09-24T22:30:00Z,175,,,,,,,FALSE,,0,,,,1,,,,,,47.127641,8.192569,510,3.19,
200,2024-09-24T22:30:00Z,225,-3.9239499230125174,-0.7502288176247442,,3.9950251910475565,259.1761165191059,,FALSE,,50.317083636211166,,,55,7,,,14.47404110348862,,,47.127641,8.192569,510,3.19,
200,2024-09-24T22:30:00Z,275,-3.3211491843452117,-0.7072506061196873,,3.3956200206344542,257.97823763434394,,FALSE,,39.11188429231288,,,50,4,,,10.604931284990576,,,47.127641,8.192569,510,3.19,
200,2024-09-24T22:30:00Z,325,-0.8590547786851839,0.675538782789876,,1.0928530367048799,308.1806081362098,,FALSE,,11.424370074279807,,,36,4,,,9.222667825974101,,,47.127641,8.192569,510,3.19,
200,2024-09-24T22:30:00Z,375,-1.5422235814378698,-0.9270792145995527,,1.7994247539937793,238.98859693223696,,FALSE,,4.507049026279759,,,31,2,,,12.948934332778455,,,47.127641,8.192569,510,3.19,
200,2024-09-24T22:30:00Z,425,-0.16670372159657568,1.8006169388647977,,1.8083173093572331,354.71055196534184,,FALSE,,12.228835421430198,,,20,4,,,18.56904591506065,,,47.127641,8.192569,510,3.19,
200,2024-09-24T22:30:00Z,475,,,,,,,FALSE,,0,,,,5,,,,,,47.127641,8.192569,510,3.19,
200,2024-09-24T22:30:00Z,525,-2.0933349078322965,-3.6560031900208583,,4.212886227017286,209.79436041538293,,FALSE,,13.004137127771818,,,16,4,,,8.274057520347764,,,47.127641,8.192569,510,3.19,
200,2024-09-24T22:30:00Z,575,-0.43449013046475016,-0.5463201701730453,,0.6980310894288169,218.49533921648919,,FALSE,,4.975871386112437,,,18,2,,,8.452448402000357,,,47.127641,8.192569,510,3.19,
200,2024-09-24T22:30:00Z,625,2.018860730221364,-2.203568030381321,,2.988563319146602,137.50476839122052,,FALSE,,3.940005171922618,,,9,1,,,12.174835650847916,,,47.127641,8.192569,510,3.19,
200,2024-09-24T22:30:00Z,675,6.473066186044049,6.7406714445580675,,9.345439388941934,43.8398016801387,,FALSE,,5.783235023662183,,,4,1,,,11.507556675381775,,,47.127641,8.192569,510,3.19,
200,2024-09-24T22:30:00Z,725,,,,,,,FALSE,,0,,,,0,,,,,,47.127641,8.192569,510,3.19,
200,2024-09-24T22:30:00Z,775,,,,,,,FALSE,,0,,,,0,,,,,,47.127641,8.192569,510,3.19,
200,2024-09-24T22:30:00Z,825,,,,,,,FALSE,,0,,,,1,,,,,,47.127641,8.192569,510,3.19,
200,2024-09-24T22:30:00Z,875,,,,,,,FALSE,,0,,,,0,,,,,,47.127641,8.192569,510,3.19,
200,2024-09-24T22:30:00Z,925,,,,,,,FALSE,,0,,,,1,,,,,,47.127641,8.192569,510,3.19,
200,2024-09-24T22:30:00Z,975,,,,,,,FALSE,,0,,,,0,,,,,,47.127641,8.192569,510,3.19,
200,2024-09-24T23:00:00Z,25,-3.262106239388309,1.1023153654695756,,3.443317627231978,288.6708939395417,,FALSE,,77.16165081112298,,,6,2,,,3.966499755026332,,,47.127641,8.192569,510,3.19,
200,2024-09-24T23:00:00Z,75,-2.4594583473971037,0.20490233973368066,,2.4679789973599107,274.7624265566048,,FALSE,,97.67003659924947,,,27,2,,,10.444041476753386,,,47.127641,8.192569,510,3.19,
200,2024-09-24T23:00:00Z,125,-3.2166006358291592,0.10174701686586594,,3.2182094564924846,271.8117671824963,,FALSE,,34.12545718906017,,,46,2,,,52.78318272017584,,,47.127641,8.192569,510,3.19,
200,2024-09-24T23:00:00Z,175,,,,,,,FALSE,,0,,,,0,,,,,,47.127641,8.192569,510,3.19,
200,2024-09-24T23:00:00Z,225,-3.9239499230125174,-0.7502288176247442,,3.9950251910475565,259.1761165191059,,FALSE,,21.056491444401857,,,55,2,,,14.47404110348862,,,47.127641,8.192569,510,3.19,
200,2024-09-24T23:00:00Z,275,-3.3211491843452117,-0.7072506061196873,,3.3956200206344542,257.97823763434394,,FALSE,,52.236105850758214,,,50,10,,,10.604931284990576,,,47.127641,8.192569,510,3.19,
200,2024-09-24T23:00:00Z,325,-0.8590547786851839,0.675538782789876,,1.0928530367048799,308.1806081362098,,FALSE,,51.20508927863196,,,36,5,,,9.222667825974101,,,47.127641,8.192569,510,3.19,
200,2024-09-24T23:00:00Z,375,-1.5422235814378698,-0.9270792145995527,,1.7994247539937793,238.98859693223696,,FALSE,,15.054028912146105,,,31,3,,,12.948934332778455,,,47.127641,8.192569,510,3.19,
200,2024-09-24T23:00:00Z,425,-0.16670372159657568,1.8006169388647977,,1.8083173093572331,354.71055196534184,,FALSE,,11.617674035302926,,,20,2,,,18.56904591506065,,,47.127641,8.192569,510,3.19,
200,2024-09-24T23:00:00Z,475,1.5325042761465506,-1.126612116162635,,1.902057889942342,126.32126203686276,,FALSE,,18.54439651088824,,,19,4,,,24.732010862657685,,,47.127641,8.192569,510,3.19,
200,2024-09-24T23:00:00Z,525,,,,,,,FALSE,,0,,,,0,,,,,,47.127641,8.192569,510,3.19,
200,2024-09-24T23:00:00Z,575,-0.43449013046475016,-0.5463201701730453,,0.6980310894288169,218.49533921648919,,FALSE,,5.476806628115109,,,18,2,,,8.452448402000357,,,47.127641,8.192569,510,3.19,
200,2024-09-24T23:00:00Z,625,,,,,,,FALSE,,0,,,,1,,,,,,47.127641,8.192569,510,3.19,
200,2024-09-24T23:00:00Z,675,,,,,,,FALSE,,0,,,,0,,,,,,47.127641,8.192569,510,3.19,
200,2024-09-24T23:00:00Z,725,,,,,,,FALSE,,0,,,,0,,,,,,47.127641,8.192569,510,3.19,
200,2024-09-24T23:00:00Z,775,,,,,,,FALSE,,0,,,,0,,,,,,47.127641,8.192569,510,3.19,
200,2024-09-24T23:00:00Z,825,,,,,,,FALSE,,0,,,,0,,,,,,47.127641,8.192569,510,3.19,
200,2024-09-24T23:00:00Z,875,,,,,,,FALSE,,0,,,,0,,,,,,47.127641,8.192569,510,3.19,
200,2024-09-24T23:00:00Z,925,,,,,,,FALSE,,0,,,,0,,,,,,47.127641,8.192569,510,3.19,
200,2024-09-24T23:00:00Z,975,,,,,,,FALSE,,0,,,,0,,,,,,47.127641,8.192569,510,3.19,
200,2024-09-24T23:30:00Z,25,-3.262106239388309,1.1023153654695756,,3.443317627231978,288.6708939395417,,FALSE,,71.35995777148686,,,6,1,,,3.966499755026332,,,47.127641,8.192569,510,3.19,
200,2024-09-24T23:30:00Z,75,,,,,,,FALSE,,0,,,,0,,,,,,47.127641,8.192569,510,3.19,
200,2024-09-24T23:30:00Z,125,,,,,,,FALSE,,0,,,,0,,,,,,47.127641,8.192569,510,3.19,
200,2024-09-24T23:30:00Z,175,,,,,,,FALSE,,0,,,,1,,,,,,47.127641,8.192569,510,3.19,
200,2024-09-24T23:30:00Z,225,-3.9239499230125174,-0.7502288176247442,,3.9950251910475565,259.1761165191059,,FALSE,,15.29599243683781,,,55,2,,,14.47404110348862,,,47.127641,8.192569,510,3.19,
200,2024-09-24T23:30:00Z,275,-3.3211491843452117,-0.7072506061196873,,3.3956200206344542,257.97823763434394,,FALSE,,18.885145410616083,,,50,5,,,10.604931284990576,,,47.127641,8.192569,510,3.19,
200,2024-09-24T23:30:00Z,325,-0.8590547786851839,0.675538782789876,,1.0928530367048799,308.1806081362098,,FALSE,,19.07910702911745,,,36,3,,,9.222667825974101,,,47.127641,8.192569,510,3.19,
200,2024-09-24T23:30:00Z,375,-1.5422235814378698,-0.9270792145995527,,1.7994247539937793,238.98859693223696,,FALSE,,6.465117482580343,,,31,3,,,12.948934332778455,,,47.127641,8.192569,510,3.19,
200,2024-09-24T23:30:00Z,425,-0.16670372159657568,1.8006169388647977,,1.8083173093572331,354.71055196534184,,FALSE,,10.715983428029652,,,20,5,,,18.56904591506065,,,47.127641,8.192569,510,3.19,
200,2024-09-24T23:30:00Z,475,1.5325042761465506,-1.126612116162635,,1.902057889942342,126.32126203686276,,FALSE,,12.397724763497829,,,19,4,,,24.732010862657685,,,47.127641,8.192569,510,3.19,
200,2024-09-24T23:30:00Z,525,-2.0933349078322965,-3.6560031900208583,,4.212886227017286,209.79436041538293,,FALSE,,4.0411748877696905,,,16,2,,,8.274057520347764,,,47.127641,8.192569,510,3.19,
200,2024-09-24T23:30:00Z,575,-0.43449013046475016,-0.5463201701730453,,0.6980310894288169,218.49533921648919,,FALSE,,34.916397596298154,,,18,5,,,8.452448402000357,,,47.127641,8.192569,510,3.19,
200,2024-09-24T23:30:00Z,625,,,,,,,FALSE,,0,,,,1,,,,,,47.127641,8.192569,510,3.19,
200,2024-09-24T23:30:00Z,675,6.473066186044049,6.7406714445580675,,9.345439388941934,43.8398016801387,,FALSE,,4.301388112546413,,,4,2,,,11.507556675381775,,,47.127641,8.192569,510,3.19,
200,2024-09-24T23:30:00Z,725,9.403093267221932,-5.140266536403596,,10.716366131172686,118.66352965291468,,FALSE,,7.614241701674674,,,6,2,,,35.832119906615866,,,47.127641,8.192569,510,3.19,
200,2024-09-24T23:30:00Z,775,,,,,,,FALSE,,0,,,,0,,,,,,47.127641,8.192569,510,3.19,
200,2024-09-24T23:30:00Z,825,,,,,,,FALSE,,0,,,,0,,,,,,47.127641,8.192569,510,3.19,
200,2024-09-24T23:30:00Z,875,,,,,,,FALSE,,0,,,,0,,,,,,47.127641,8.192569,510,3.19,
200,2024-09-24T23:30:00Z,925,,,,,,,FALSE,,0,,,,0,,,,,,47.127641,8.192569,510,3.19,
200,2024-09-24T23:30:00Z,975,,,,,,,FALSE,,0,,,,0,,,,,,47.127641,8.192569,510,3.19,
